rep,storm_roc_auc,background_roc_auc,storm_pr_auc,background_pr_auc,storm_brier,background_brier,storm_log_loss,background_log_loss
0,0.5174825174825175,0.6286713286713287,0.10975937482020962,0.18472188023767816,0.12125438414909068,0.14869879569173422,0.4090376930404419,0.46052739216296074
1,0.534965034965035,0.6286713286713287,0.11638979796542137,0.18472188023767816,0.12319455316996357,0.14869879569173422,0.4094394296117917,0.4605273921629607
2,0.5447552447552448,0.6286713286713287,0.11502964918255978,0.18472188023767816,0.13072204602713833,0.14869879569173425,0.4271421887993634,0.46052739216296074
3,0.544055944055944,0.6286713286713287,0.11706310638890818,0.18472188023767816,0.11050342646436724,0.14869879569173422,0.38125486896846533,0.4605273921629606
4,0.5377622377622377,0.6286713286713287,0.11265415794072448,0.18472188023767816,0.11698892642482983,0.1486987956917343,0.39494202978903664,0.46052739216296074
5,0.4258741258741259,0.6286713286713287,0.09182737662417502,0.18472188023767816,0.14747104912135925,0.1486987956917343,0.46246778040892755,0.46052739216296074
6,0.46713286713286717,0.6286713286713287,0.09847934367440656,0.18472188023767816,0.1723661695156219,0.14869879569173422,0.5329680784630332,0.4605273921629606
7,0.4664335664335664,0.6286713286713287,0.10322897920848995,0.18472188023767816,0.13415851833167391,0.1486987956917343,0.435862371189944,0.46052739216296074
8,0.48041958041958044,0.6286713286713287,0.10692867778312158,0.18472188023767816,0.1225437019721603,0.1486987956917343,0.4147836132863024,0.46052739216296074
9,0.5335664335664336,0.6286713286713287,0.11340729966552232,0.18472188023767816,0.11910380396345907,0.14869879569173422,0.4018120349719068,0.4605273921629607
10,0.5643356643356643,0.6286713286713287,0.11899083491438245,0.18472188023767816,0.10888947397937629,0.14869879569173422,0.37383936416684427,0.4605273921629607
11,0.5986013986013986,0.6286713286713287,0.13303527481722915,0.18472188023767816,0.11812427886999648,0.14869879569173425,0.3985486443309905,0.4605273921629607
12,0.4433566433566433,0.6286713286713287,0.0942886207707535,0.18472188023767816,0.1352865879902912,0.14869879569173422,0.43901515887738796,0.4605273921629606
13,0.47062937062937066,0.6286713286713287,0.09845847694476917,0.18472188023767816,0.15167670816750436,0.14869879569173422,0.469471144896308,0.4605273921629607
14,0.6314685314685315,0.6286713286713287,0.14455983758915641,0.18472188023767816,0.11148882693238496,0.14869879569173425,0.3774295846000704,0.4605273921629607
15,0.49160839160839165,0.6286713286713287,0.1021642152362791,0.18472188023767816,0.16746732596876296,0.14869879569173422,0.5065487938157874,0.4605273921629607
16,0.5727272727272728,0.6286713286713287,0.12717635817146028,0.18472188023767816,0.11839642185622522,0.14869879569173422,0.3944112128246848,0.4605273921629607
17,0.49160839160839165,0.6286713286713287,0.10718797082115032,0.18472188023767816,0.12796967015766364,0.1486987956917343,0.42117232019459383,0.46052739216296074
18,0.47972027972027975,0.6286713286713287,0.09983521444998099,0.18472188023767816,0.1485620074416462,0.14869879569173422,0.46109215223285127,0.4605273921629607
19,0.5244755244755245,0.6286713286713287,0.11047660656510608,0.18472188023767816,0.12487387824352497,0.14869879569173422,0.4157349034133094,0.4605273921629607
20,0.5,0.6286713286713287,0.10373397790008923,0.18472188023767816,0.14988836236144581,0.14869879569173422,0.4654613167743001,0.46052739216296074
21,0.606993006993007,0.6286713286713287,0.13599589268632212,0.18472188023767816,0.11655409237552503,0.14869879569173422,0.3933839484649543,0.4605273921629607
22,0.5265734265734267,0.6286713286713287,0.11154450228228817,0.18472188023767816,0.12455861996722024,0.14869879569173422,0.4144762950889492,0.4605273921629607
23,0.5132867132867134,0.6286713286713287,0.11176442120765333,0.18472188023767816,0.1195627914906613,0.14869879569173422,0.40202298444523715,0.46052739216296074
24,0.4636363636363637,0.6286713286713287,0.09789146201653984,0.18472188023767816,0.15164723507175296,0.14869879569173422,0.4743654901801556,0.4605273921629607
25,0.4986013986013986,0.6286713286713287,0.10625767742620867,0.18472188023767816,0.1417333561906581,0.14869879569173422,0.44771530462115133,0.46052739216296074
26,0.618881118881119,0.6286713286713287,0.14067539184018013,0.18472188023767816,0.11762768660861123,0.1486987956917343,0.3954625339753641,0.4605273921629608
27,0.4986013986013986,0.6286713286713287,0.111065828570519,0.18472188023767816,0.11744854696963797,0.1486987956917343,0.40139700539327866,0.46052739216296074
28,0.6174825174825175,0.6286713286713287,0.13731090689079,0.18472188023767816,0.11375181418411019,0.14869879569173422,0.38654427382426515,0.4605273921629607
29,0.4902097902097902,0.6286713286713287,0.10282938123708213,0.18472188023767816,0.11996328322555803,0.14869879569173425,0.40487521512761154,0.46052739216296074
30,0.5041958041958042,0.6286713286713287,0.10895802141837597,0.18472188023767816,0.12882553692199555,0.14869879569173425,0.42153403552142693,0.46052739216296074
31,0.5566433566433566,0.6286713286713287,0.11763797612191573,0.18472188023767816,0.1216817855039115,0.14869879569173422,0.407973234887042,0.46052739216296074
32,0.486013986013986,0.6286713286713287,0.10167282630359786,0.18472188023767816,0.13437081591633146,0.14869879569173422,0.43492175683310874,0.4605273921629607
33,0.49440559440559445,0.6286713286713287,0.1025665472292851,0.18472188023767816,0.13872329910257364,0.1486987956917343,0.44187305921344555,0.46052739216296074
34,0.44965034965034967,0.6286713286713287,0.0975345714930897,0.18472188023767816,0.12726727115375455,0.14869879569173422,0.42063067499002915,0.4605273921629607
35,0.5727272727272728,0.6286713286713287,0.1267844100103518,0.18472188023767816,0.12261951933600122,0.14869879569173422,0.40732578136511927,0.4605273921629607
36,0.6314685314685315,0.6286713286713287,0.13997366802500988,0.18472188023767816,0.11143804510996501,0.14869879569173422,0.37899984882265764,0.4605273921629606
37,0.5237762237762238,0.6286713286713287,0.11075914369192219,0.18472188023767816,0.12359941792780992,0.14869879569173422,0.41015931885660956,0.4605273921629607
38,0.5125874125874126,0.6286713286713287,0.1183657548021278,0.18472188023767816,0.130673606899639,0.14869879569173422,0.4302122940280492,0.4605273921629607
39,0.6062937062937063,0.6286713286713287,0.136846135565175,0.18472188023767816,0.11174259047938694,0.14869879569173422,0.3843208318448145,0.4605273921629607
40,0.5482517482517483,0.6286713286713287,0.11789697369001761,0.18472188023767816,0.1293606793493738,0.14869879569173422,0.42317638144904196,0.4605273921629606
41,0.5258741258741259,0.6286713286713287,0.11117192141063907,0.18472188023767816,0.1348761454722248,0.14869879569173422,0.43805639231932014,0.4605273921629607
42,0.5566433566433566,0.6286713286713287,0.11870569951637212,0.18472188023767816,0.12123099493683802,0.14869879569173422,0.40483983064454504,0.4605273921629607
43,0.5608391608391609,0.6286713286713287,0.12084062614606061,0.18472188023767816,0.11961049215244869,0.1486987956917342,0.40348751510212727,0.4605273921629606
44,0.4580419580419581,0.6286713286713287,0.09949313444802288,0.18472188023767816,0.12949670545850953,0.14869879569173425,0.42426363238451203,0.46052739216296074
45,0.6566433566433567,0.6286713286713287,0.14754321909846535,0.18472188023767816,0.10962639619887074,0.14869879569173422,0.37364961268179064,0.4605273921629606
46,0.5734265734265734,0.6286713286713287,0.12084654733027454,0.18472188023767816,0.1117501112563056,0.1486987956917343,0.3820121145056543,0.46052739216296074
47,0.6370629370629372,0.6286713286713287,0.15088431203121966,0.18472188023767816,0.1159781736050252,0.14869879569173422,0.39084867313151994,0.4605273921629607
48,0.46153846153846156,0.6286713286713287,0.10264376252027174,0.18472188023767816,0.12444666839310516,0.1486987956917343,0.4163813159192321,0.46052739216296074
49,0.48601398601398604,0.6286713286713287,0.1017507139852093,0.18472188023767816,0.13089695418901615,0.14869879569173422,0.4303597370025666,0.46052739216296074
50,0.6062937062937064,0.6286713286713287,0.13321433867468252,0.18472188023767816,0.11481927582214621,0.1486987956917343,0.3867296595618844,0.4605273921629607
51,0.6230769230769231,0.6286713286713287,0.1409383559766624,0.18472188023767816,0.11795387207698452,0.14869879569173425,0.39448384985991103,0.46052739216296074
52,0.48601398601398604,0.6286713286713287,0.10162640328240297,0.18472188023767816,0.1411170874056807,0.14869879569173425,0.44909339470400594,0.4605273921629607
53,0.5062937062937063,0.6286713286713287,0.10958593791021579,0.18472188023767816,0.13520382565824676,0.14869879569173422,0.43569675643755573,0.4605273921629606
54,0.6370629370629372,0.6286713286713287,0.14252499496518758,0.18472188023767816,0.11271802518784177,0.14869879569173422,0.38181984081596393,0.46052739216296074
55,0.4958041958041958,0.6286713286713287,0.10272057056533827,0.18472188023767816,0.12276321359575193,0.14869879569173422,0.40983355777276453,0.4605273921629607
56,0.5496503496503496,0.6286713286713287,0.11598081736444213,0.18472188023767816,0.11854051151129827,0.14869879569173422,0.4006513930308032,0.4605273921629607
57,0.5657342657342658,0.6286713286713287,0.12081262124425245,0.18472188023767816,0.12149966582355261,0.1486987956917343,0.4072046910203913,0.46052739216296074
58,0.493006993006993,0.6286713286713287,0.1022923591368661,0.18472188023767816,0.11739850740433297,0.14869879569173422,0.396849339142019,0.4605273921629607
59,0.4944055944055944,0.6286713286713287,0.10235793478994328,0.18472188023767816,0.1519106051765427,0.14869879569173425,0.47210542598926764,0.46052739216296074
60,0.5958041958041959,0.6286713286713287,0.13098423145019256,0.18472188023767816,0.11852607470522503,0.14869879569173422,0.39845426658650823,0.46052739216296074
61,0.5237762237762238,0.6286713286713287,0.11267335969959053,0.18472188023767816,0.12952891026812652,0.14869879569173422,0.41875712117551717,0.4605273921629607
62,0.5664335664335665,0.6286713286713287,0.12440292925382936,0.18472188023767816,0.11981435432319622,0.14869879569173422,0.40370559755270097,0.4605273921629607
63,0.5468531468531469,0.6286713286713287,0.11341150423463121,0.18472188023767816,0.11285890963287644,0.14869879569173422,0.38662282659685315,0.46052739216296074
64,0.6160839160839161,0.6286713286713287,0.13595098136646355,0.18472188023767816,0.12264042775178241,0.14869879569173422,0.40572511800562605,0.4605273921629606
65,0.46713286713286717,0.6286713286713287,0.10254364793371339,0.18472188023767816,0.13587733011625575,0.14869879569173425,0.44008954162231506,0.4605273921629607
66,0.593006993006993,0.6286713286713287,0.13101151609422007,0.18472188023767816,0.11100606832381182,0.14869879569173422,0.3853192332357421,0.4605273921629607
67,0.5167832167832168,0.6286713286713287,0.10687610694068705,0.18472188023767816,0.13837151337756118,0.14869879569173422,0.4444053777641827,0.4605273921629607
68,0.4993006993006993,0.6286713286713287,0.10467747723287173,0.18472188023767816,0.1222401666976761,0.14869879569173422,0.408403171588734,0.4605273921629607
69,0.47902097902097907,0.6286713286713287,0.10202687903862455,0.18472188023767816,0.13665178507935494,0.14869879569173422,0.44198807219292,0.4605273921629606
70,0.46713286713286717,0.6286713286713287,0.0982427515853924,0.18472188023767816,0.12355668644743403,0.1486987956917343,0.4152015958600142,0.46052739216296074
71,0.47622377622377626,0.6286713286713287,0.10531340674719031,0.18472188023767816,0.12475440031616407,0.14869879569173425,0.4144551402721022,0.46052739216296074
72,0.6090909090909091,0.6286713286713287,0.1411445801323467,0.18472188023767816,0.12496697406727021,0.14869879569173422,0.4095293607768326,0.46052739216296074
73,0.49930069930069937,0.6286713286713287,0.1049087192210974,0.18472188023767816,0.13193931057121705,0.14869879569173425,0.43063400765675225,0.4605273921629607
74,0.6006993006993008,0.6286713286713287,0.12962102405470682,0.18472188023767816,0.1134381255086,0.14869879569173422,0.38725443455410025,0.4605273921629607
75,0.544055944055944,0.6286713286713287,0.1150961766263606,0.18472188023767816,0.1337290400638201,0.14869879569173422,0.4322701093596863,0.46052739216296074
76,0.4433566433566434,0.6286713286713287,0.09399287657256347,0.18472188023767816,0.14389836880937856,0.14869879569173425,0.4552456423378558,0.46052739216296074
77,0.5216783216783216,0.6286713286713287,0.1274567749203569,0.18472188023767816,0.1115249901964131,0.14869879569173425,0.38525086687323734,0.4605273921629607
78,0.5237762237762238,0.6286713286713287,0.11344090509839795,0.18472188023767816,0.11726554346354395,0.14869879569173422,0.397662748415561,0.4605273921629607
79,0.5671328671328671,0.6286713286713287,0.1242831665855814,0.18472188023767816,0.11398521366153451,0.1486987956917343,0.3891062686082195,0.46052739216296074
80,0.6146853146853146,0.6286713286713287,0.13678038245804996,0.18472188023767816,0.11131683964460488,0.14869879569173422,0.3849059376704111,0.46052739216296074
81,0.544055944055944,0.6286713286713287,0.11307942939231361,0.18472188023767816,0.1243209774250782,0.14869879569173422,0.4131190045915375,0.4605273921629607
82,0.46713286713286717,0.6286713286713287,0.09829859303307803,0.18472188023767816,0.14699951790181576,0.14869879569173422,0.46066812870983964,0.4605273921629607
83,0.46223776223776225,0.6286713286713287,0.10314037003003715,0.18472188023767816,0.13802445248943013,0.14869879569173422,0.44329318759888914,0.4605273921629607
84,0.47972027972027975,0.6286713286713287,0.10181299598578882,0.18472188023767816,0.13413374343069007,0.1486987956917343,0.4344324988739829,0.46052739216296074
85,0.4447552447552448,0.6286713286713287,0.10008674886124888,0.18472188023767816,0.12803897665154568,0.14869879569173422,0.42427698507730105,0.4605273921629607
86,0.4706293706293706,0.6286713286713287,0.10313747753978497,0.18472188023767816,0.1237261189289782,0.14869879569173425,0.41212991873439514,0.4605273921629607
87,0.5090909090909091,0.6286713286713287,0.10858424644925399,0.18472188023767816,0.12484875190929184,0.14869879569173422,0.41594811840978685,0.4605273921629607
88,0.548951048951049,0.6286713286713287,0.1201871393777922,0.18472188023767816,0.11920163337375973,0.1486987956917343,0.4003329942025815,0.46052739216296074
89,0.5286713286713287,0.6286713286713287,0.11380492984436896,0.18472188023767816,0.11877962512598911,0.1486987956917343,0.39733646349993357,0.4605273921629607
90,0.5307692307692308,0.6286713286713287,0.11486045696271116,0.18472188023767816,0.11973857694475895,0.14869879569173425,0.4000264323775023,0.46052739216296074
91,0.513986013986014,0.6286713286713287,0.10646831905068371,0.18472188023767816,0.15332262461794727,0.14869879569173422,0.473790193119242,0.4605273921629607
92,0.5923076923076923,0.6286713286713287,0.13051929919461602,0.18472188023767816,0.11351817981648576,0.14869879569173422,0.38680802821890214,0.4605273921629607
93,0.48951048951048953,0.6286713286713287,0.10511223075396631,0.18472188023767816,0.1251821601492673,0.14869879569173422,0.41750666315218643,0.4605273921629607
94,0.6111888111888111,0.6286713286713287,0.1329776098136548,0.18472188023767816,0.11789677145263235,0.1486987956917343,0.39409045212088334,0.4605273921629608
95,0.5300699300699301,0.6286713286713287,0.11100788826376337,0.18472188023767816,0.11711617436411026,0.14869879569173422,0.39889598022592104,0.46052739216296074
96,0.5916083916083916,0.6286713286713287,0.13882270001067887,0.18472188023767816,0.11245844609639666,0.14869879569173425,0.3850603630203125,0.46052739216296074
97,0.5601398601398602,0.6286713286713287,0.12364255765617688,0.18472188023767816,0.12444022292563471,0.1486987956917343,0.4146312376987983,0.46052739216296074
98,0.46853146853146854,0.6286713286713287,0.099580517796536,0.18472188023767816,0.13142020157141654,0.14869879569173422,0.42699891030059206,0.4605273921629607
99,0.4937062937062937,0.6286713286713287,0.10291653053602984,0.18472188023767816,0.13933750634760422,0.14869879569173425,0.4467277067380812,0.4605273921629607
100,0.6601398601398601,0.6286713286713287,0.1613340868039096,0.18472188023767816,0.11967493433042958,0.14869879569173425,0.39787511826244476,0.46052739216296074
101,0.5818181818181819,0.6286713286713287,0.12299216320238308,0.18472188023767816,0.11992889118617266,0.1486987956917343,0.4007727679467945,0.46052739216296074
102,0.5496503496503496,0.6286713286713287,0.11444620108167256,0.18472188023767816,0.12598319904158548,0.1486987956917343,0.4188024224212062,0.46052739216296074
103,0.5776223776223777,0.6286713286713287,0.12632653292540785,0.18472188023767816,0.1220372233148289,0.14869879569173422,0.4004904923483472,0.4605273921629607
104,0.4888111888111888,0.6286713286713287,0.1036642643962791,0.18472188023767816,0.12624913094615497,0.14869879569173422,0.41569760921727167,0.4605273921629607
105,0.5825174825174826,0.6286713286713287,0.13656893897816857,0.18472188023767816,0.12087399638871885,0.14869879569173422,0.40212439530849076,0.4605273921629607
106,0.6251748251748251,0.6286713286713287,0.1378080046230524,0.18472188023767816,0.1190323066956932,0.14869879569173422,0.39720817989016555,0.4605273921629607
107,0.4244755244755245,0.6286713286713287,0.0953822272095961,0.18472188023767816,0.14190465587442702,0.14869879569173422,0.4516163830254112,0.46052739216296074
108,0.5538461538461539,0.6286713286713287,0.127775515821516,0.18472188023767816,0.11998177894267748,0.14869879569173422,0.403114408828523,0.4605273921629607
109,0.5804195804195804,0.6286713286713287,0.12427111330282033,0.18472188023767816,0.11449750174002324,0.14869879569173422,0.38928182730512634,0.4605273921629607
110,0.413986013986014,0.6286713286713287,0.09309973081880264,0.18472188023767816,0.12826765395695353,0.14869879569173422,0.42686027412933447,0.4605273921629606
111,0.4783216783216783,0.6286713286713287,0.10224226951121954,0.18472188023767816,0.12487091977591058,0.14869879569173422,0.41655302629145075,0.46052739216296074
112,0.66993006993007,0.6286713286713287,0.15364009809290813,0.18472188023767816,0.10936579442789653,0.1486987956917343,0.37491399304142015,0.46052739216296074
113,0.46223776223776225,0.6286713286713287,0.09705136546630733,0.18472188023767816,0.12631654148425822,0.1486987956917343,0.4184580679787582,0.46052739216296074
114,0.4426573426573427,0.6286713286713287,0.09613639786073691,0.18472188023767816,0.1299599204185897,0.14869879569173422,0.42855912849169026,0.4605273921629606
115,0.5097902097902098,0.6286713286713287,0.11029462855514374,0.18472188023767816,0.1348076124557774,0.14869879569173422,0.43640193052381465,0.4605273921629607
116,0.5706293706293706,0.6286713286713287,0.12545893081034204,0.18472188023767816,0.12492520376159907,0.1486987956917343,0.41012331960150045,0.46052739216296074
117,0.49580419580419577,0.6286713286713287,0.1050961362214412,0.18472188023767816,0.13017330000806807,0.14869879569173422,0.4289060585965315,0.4605273921629607
118,0.47692307692307695,0.6286713286713287,0.10175742225510556,0.18472188023767816,0.13002453621601354,0.14869879569173422,0.42627829173955506,0.4605273921629607
119,0.47412587412587415,0.6286713286713287,0.09941867595695371,0.18472188023767816,0.14404350839952346,0.14869879569173422,0.45723056607703577,0.4605273921629607
120,0.6314685314685315,0.6286713286713287,0.14164969080661688,0.18472188023767816,0.11727472134863175,0.14869879569173422,0.39432737499568205,0.4605273921629607
121,0.4727272727272727,0.6286713286713287,0.10186697683429419,0.18472188023767816,0.14051027620558043,0.14869879569173422,0.4472908682705647,0.4605273921629607
122,0.45244755244755247,0.6286713286713287,0.09814871363348301,0.18472188023767816,0.14386355168086623,0.14869879569173422,0.4590871500249599,0.4605273921629606
123,0.5370629370629371,0.6286713286713287,0.11219328363246114,0.18472188023767816,0.1135151173243693,0.14869879569173422,0.3868123721550714,0.4605273921629607
124,0.6783216783216783,0.6286713286713287,0.16121886932055407,0.18472188023767816,0.11396865867525424,0.1486987956917343,0.38565498406285803,0.46052739216296074
125,0.5671328671328671,0.6286713286713287,0.12491097606375248,0.18472188023767816,0.12380862233289719,0.1486987956917343,0.4071186825107969,0.46052739216296074
126,0.5104895104895105,0.6286713286713287,0.10575082483043939,0.18472188023767816,0.15709355434806077,0.14869879569173422,0.4865270244404004,0.46052739216296074
127,0.5811188811188811,0.6286713286713287,0.127335762828405,0.18472188023767816,0.12184298063178838,0.14869879569173422,0.4061833637844625,0.4605273921629607
128,0.5286713286713287,0.6286713286713287,0.10974383009490778,0.18472188023767816,0.1219305351378555,0.1486987956917343,0.4089989217910353,0.46052739216296074
129,0.606993006993007,0.6286713286713287,0.13776150334287365,0.18472188023767816,0.11019299054799897,0.14869879569173422,0.3797317569179625,0.4605273921629607
130,0.5055944055944056,0.6286713286713287,0.10613182987530334,0.18472188023767816,0.1425847764190951,0.14869879569173422,0.45125683625384355,0.4605273921629606
131,0.4993006993006993,0.6286713286713287,0.10802676104437474,0.18472188023767816,0.1341985207634933,0.1486987956917343,0.4345800417872725,0.46052739216296074
132,0.5636363636363637,0.6286713286713287,0.12185731850879371,0.18472188023767816,0.11537905583633956,0.14869879569173422,0.39421739733946276,0.46052739216296074
133,0.541958041958042,0.6286713286713287,0.11800256628537331,0.18472188023767816,0.11251919517472674,0.14869879569173422,0.3851405027569654,0.4605273921629607
134,0.46223776223776225,0.6286713286713287,0.09973008574624578,0.18472188023767816,0.12456029114645582,0.14869879569173422,0.41516067165152376,0.4605273921629606
135,0.4769230769230769,0.6286713286713287,0.09944165704964836,0.18472188023767816,0.1604615929558588,0.14869879569173422,0.49117691359891774,0.4605273921629607
136,0.6727272727272727,0.6286713286713287,0.15574051460197555,0.18472188023767816,0.11123416315259317,0.14869879569173422,0.3786085908520989,0.46052739216296074
137,0.6741258741258741,0.6286713286713287,0.16643521733717936,0.18472188023767816,0.11611584856762541,0.14869879569173422,0.3910006005978591,0.4605273921629607
138,0.4468531468531468,0.6286713286713287,0.09522565152427642,0.18472188023767816,0.17814077484251495,0.14869879569173422,0.5678317880373157,0.46052739216296074
139,0.4664335664335665,0.6286713286713287,0.09995107745902695,0.18472188023767816,0.12487015846046555,0.14869879569173425,0.41746305421744395,0.4605273921629607
140,0.49860139860139857,0.6286713286713287,0.10380124442529626,0.18472188023767816,0.124578330416135,0.14869879569173422,0.415054732391484,0.4605273921629607
141,0.5342657342657343,0.6286713286713287,0.11554504574014772,0.18472188023767816,0.11703194787610484,0.14869879569173422,0.39402725284839046,0.46052739216296074
142,0.5237762237762238,0.6286713286713287,0.11045188456905455,0.18472188023767816,0.15011800487094543,0.14869879569173422,0.470334486585799,0.4605273921629607
143,0.5517482517482518,0.6286713286713287,0.11744803025714207,0.18472188023767816,0.1149634184140613,0.14869879569173422,0.39292366140700785,0.4605273921629606
144,0.4958041958041958,0.6286713286713287,0.10509921253357841,0.18472188023767816,0.11739005853083376,0.14869879569173422,0.39843435226475227,0.46052739216296074
145,0.5083916083916085,0.6286713286713287,0.11030903134347628,0.18472188023767816,0.1186478062475145,0.14869879569173422,0.4005262265112451,0.46052739216296074
146,0.5293706293706294,0.6286713286713287,0.11268233412404863,0.18472188023767816,0.1178284651973505,0.1486987956917343,0.4003995010928219,0.46052739216296074
147,0.5503496503496503,0.6286713286713287,0.11792555981002853,0.18472188023767816,0.12449510711130847,0.14869879569173422,0.41106803490743166,0.4605273921629606
148,0.5657342657342658,0.6286713286713287,0.12077538705769897,0.18472188023767816,0.1201188282797299,0.14869879569173422,0.401789933795169,0.4605273921629607
149,0.5027972027972029,0.6286713286713287,0.10462326053797197,0.18472188023767816,0.11761632580764031,0.14869879569173422,0.39813460227534175,0.46052739216296074
150,0.5265734265734265,0.6286713286713287,0.1129020602554435,0.18472188023767816,0.11871425620948423,0.1486987956917343,0.4012016010926747,0.46052739216296074
151,0.5027972027972029,0.6286713286713287,0.10468588784818067,0.18472188023767816,0.13836704229887337,0.14869879569173422,0.4431084379350552,0.4605273921629607
152,0.4426573426573427,0.6286713286713287,0.09386909501526018,0.18472188023767816,0.14232733177072038,0.14869879569173425,0.45486451238389936,0.46052739216296074
153,0.6398601398601399,0.6286713286713287,0.14600698080710967,0.18472188023767816,0.10697571625527232,0.1486987956917343,0.3708277181888897,0.4605273921629607
154,0.47762237762237764,0.6286713286713287,0.1045110571443445,0.18472188023767816,0.12508794345425395,0.14869879569173422,0.41721112022321005,0.4605273921629607
155,0.5174825174825175,0.6286713286713287,0.10996110091871855,0.18472188023767816,0.12302592358891845,0.14869879569173422,0.4127182050594906,0.4605273921629607
156,0.48531468531468536,0.6286713286713287,0.10107389568174832,0.18472188023767816,0.13184685440356742,0.14869879569173422,0.42969567792071983,0.46052739216296074
157,0.6685314685314686,0.6286713286713287,0.15592141654896863,0.18472188023767816,0.10676009839295757,0.14869879569173425,0.37026160452149826,0.4605273921629607
158,0.6832167832167833,0.6286713286713287,0.16664093428662155,0.18472188023767816,0.12211771366652746,0.14869879569173422,0.4020520397470151,0.4605273921629607
159,0.5027972027972029,0.6286713286713287,0.1168830106421819,0.18472188023767816,0.1262088321978457,0.14869879569173422,0.4171140104827261,0.46052739216296074
160,0.5202797202797202,0.6286713286713287,0.11035877211311956,0.18472188023767816,0.12274241757483251,0.14869879569173422,0.41048309549476325,0.4605273921629607
161,0.4342657342657343,0.6286713286713287,0.09294971388592854,0.18472188023767816,0.14813796820002248,0.14869879569173422,0.4656968924092663,0.4605273921629606
162,0.5979020979020979,0.6286713286713287,0.13596071747771643,0.18472188023767816,0.12249374058862333,0.14869879569173422,0.4059766331467098,0.4605273921629606
163,0.5391608391608392,0.6286713286713287,0.11276312254066442,0.18472188023767816,0.12982195494738902,0.14869879569173422,0.42444355943219236,0.4605273921629607
164,0.672027972027972,0.6286713286713287,0.1603221855609329,0.18472188023767816,0.11621237653301375,0.14869879569173422,0.38790341206581314,0.4605273921629607
165,0.5531468531468532,0.6286713286713287,0.11922840199709034,0.18472188023767816,0.11583934835199237,0.14869879569173422,0.3899756865643162,0.4605273921629607
166,0.6006993006993007,0.6286713286713287,0.13182723231220772,0.18472188023767816,0.11390746344739368,0.1486987956917343,0.38566120848756963,0.46052739216296074
167,0.48811188811188816,0.6286713286713287,0.10667070653970398,0.18472188023767816,0.13025505653625893,0.14869879569173422,0.425629926932355,0.4605273921629607
168,0.5181818181818182,0.6286713286713287,0.10933917844191482,0.18472188023767816,0.12717859076105723,0.14869879569173422,0.4224004549888402,0.46052739216296074
169,0.48531468531468536,0.6286713286713287,0.10845302774891029,0.18472188023767816,0.1319874448078815,0.14869879569173422,0.43360832640245767,0.46052739216296074
170,0.5461538461538462,0.6286713286713287,0.11883021182830926,0.18472188023767816,0.11379403140759806,0.14869879569173425,0.38726179580572856,0.4605273921629607
171,0.4636363636363636,0.6286713286713287,0.09700095003994996,0.18472188023767816,0.14241782804347064,0.14869879569173425,0.4510145812073805,0.46052739216296074
172,0.5111888111888112,0.6286713286713287,0.11062457073227797,0.18472188023767816,0.1170163679428029,0.14869879569173422,0.39692686360986507,0.4605273921629606
173,0.6328671328671329,0.6286713286713287,0.14963435680460763,0.18472188023767816,0.10757353491759318,0.14869879569173422,0.37090122202408304,0.4605273921629606
174,0.6062937062937064,0.6286713286713287,0.13302266734434265,0.18472188023767816,0.11080098058952456,0.14869879569173422,0.3783709253181845,0.4605273921629607
175,0.6104895104895105,0.6286713286713287,0.13399064021064613,0.18472188023767816,0.11812990911340078,0.14869879569173422,0.39722370241717386,0.4605273921629607
176,0.5804195804195804,0.6286713286713287,0.12426896608393834,0.18472188023767816,0.11423508204703019,0.14869879569173422,0.38934826173668274,0.4605273921629606
177,0.5125874125874126,0.6286713286713287,0.1074247963442643,0.18472188023767816,0.13419032434877193,0.14869879569173425,0.4325393753486391,0.46052739216296074
178,0.47622377622377626,0.6286713286713287,0.09917210077460815,0.18472188023767816,0.11970381814188334,0.14869879569173422,0.4003501964415889,0.4605273921629607
179,0.5517482517482517,0.6286713286713287,0.1170701654961217,0.18472188023767816,0.12466580384567075,0.14869879569173422,0.41160737822112364,0.4605273921629607
180,0.4755244755244755,0.6286713286713287,0.09924275639462722,0.18472188023767816,0.12807472579805346,0.1486987956917343,0.421252859665861,0.46052739216296074
181,0.5580419580419581,0.6286713286713287,0.12496150268655462,0.18472188023767816,0.11818100774045837,0.14869879569173425,0.39906822739770914,0.46052739216296074
182,0.5265734265734267,0.6286713286713287,0.11111013783631282,0.18472188023767816,0.11497062192357353,0.1486987956917343,0.3915049559197415,0.46052739216296074
183,0.5118881118881119,0.6286713286713287,0.11506094336996947,0.18472188023767816,0.13557758852401502,0.14869879569173422,0.4375351220841762,0.4605273921629607
184,0.534965034965035,0.6286713286713287,0.11510363169111654,0.18472188023767816,0.11886306721134055,0.14869879569173422,0.39814290749749387,0.4605273921629606
185,0.49160839160839165,0.6286713286713287,0.1040340191643517,0.18472188023767816,0.13781584833156532,0.14869879569173422,0.44464769487558525,0.4605273921629607
186,0.4608391608391609,0.6286713286713287,0.09683009404198195,0.18472188023767816,0.14822563273207187,0.1486987956917343,0.4626094221256084,0.46052739216296074
187,0.593006993006993,0.6286713286713287,0.13350584339217533,0.18472188023767816,0.11160439535545734,0.14869879569173422,0.3847651132766306,0.4605273921629607
188,0.5188811188811189,0.6286713286713287,0.12715810257615495,0.18472188023767816,0.1144829917132731,0.14869879569173422,0.3898700302163764,0.4605273921629607
189,0.6587412587412588,0.6286713286713287,0.15027665599326756,0.18472188023767816,0.11815069294404015,0.1486987956917343,0.39466512560581446,0.46052739216296074
190,0.5,0.6286713286713287,0.10418100014270626,0.18472188023767816,0.129931531652806,0.1486987956917343,0.4275290415926971,0.46052739216296074
191,0.4909090909090909,0.6286713286713287,0.10415191269537497,0.18472188023767816,0.11931075111818955,0.14869879569173422,0.40407451235038,0.4605273921629606
192,0.5076923076923077,0.6286713286713287,0.10784093621647972,0.18472188023767816,0.1297444941606097,0.14869879569173422,0.4230299737495887,0.4605273921629607
193,0.5874125874125875,0.6286713286713287,0.12857017068636012,0.18472188023767816,0.11321888696103775,0.1486987956917343,0.3819753245836361,0.46052739216296074
194,0.5755244755244755,0.6286713286713287,0.12471042199374119,0.18472188023767816,0.11684303554219483,0.1486987956917343,0.3964862357363362,0.46052739216296074
195,0.6111888111888112,0.6286713286713287,0.13314647374224567,0.18472188023767816,0.10626176031813513,0.1486987956917343,0.3643046008113892,0.46052739216296074
196,0.5384615384615385,0.6286713286713287,0.11120716228464575,0.18472188023767816,0.13346741076803004,0.1486987956917343,0.43353975561454045,0.46052739216296074
197,0.5293706293706294,0.6286713286713287,0.10964319488619892,0.18472188023767816,0.1309076032635957,0.14869879569173422,0.4240662576075348,0.4605273921629607
198,0.6657342657342659,0.6286713286713287,0.15219535624845779,0.18472188023767816,0.11095041719732018,0.14869879569173422,0.37813189418727483,0.46052739216296074
199,0.5923076923076924,0.6286713286713287,0.12995918391195646,0.18472188023767816,0.1247174701464981,0.14869879569173425,0.4104252296404066,0.46052739216296074
200,0.6125874125874126,0.6286713286713287,0.13382323406967567,0.18472188023767816,0.12298972283521514,0.14869879569173422,0.4013344307658884,0.4605273921629606
201,0.620979020979021,0.6286713286713287,0.13642636900441316,0.18472188023767816,0.11801796632424384,0.14869879569173422,0.3921507179607551,0.4605273921629607
202,0.4454545454545455,0.6286713286713287,0.09448963228771261,0.18472188023767816,0.16098389851265682,0.14869879569173425,0.4901179892791718,0.46052739216296074
203,0.48321678321678324,0.6286713286713287,0.10570391928576026,0.18472188023767816,0.12470008860215108,0.14869879569173422,0.41265519188104816,0.4605273921629607
204,0.4895104895104895,0.6286713286713287,0.10620223518466462,0.18472188023767816,0.11495021213954702,0.14869879569173422,0.3932267996671838,0.4605273921629607
205,0.6545454545454545,0.6286713286713287,0.14933456596475178,0.18472188023767816,0.11516657705811661,0.14869879569173416,0.3908668371178921,0.4605273921629607
206,0.5538461538461539,0.6286713286713287,0.11468449021933975,0.18472188023767816,0.1229864770369631,0.1486987956917343,0.4090527740474255,0.46052739216296074
207,0.6153846153846154,0.6286713286713287,0.13764983290677918,0.18472188023767816,0.1120644082353155,0.14869879569173422,0.38286284527187525,0.4605273921629607
208,0.4755244755244755,0.6286713286713287,0.09943726118175711,0.18472188023767816,0.13340164071330515,0.1486987956917343,0.4303818443012596,0.46052739216296074
209,0.5426573426573427,0.6286713286713287,0.11329197693030572,0.18472188023767816,0.12251465369181065,0.1486987956917343,0.40987122253734026,0.46052739216296074
210,0.5048951048951049,0.6286713286713287,0.10457004381867105,0.18472188023767816,0.1354211520843655,0.1486987956917343,0.4369769214148338,0.46052739216296074
211,0.5111888111888112,0.6286713286713287,0.10593018788367706,0.18472188023767816,0.14185540553563664,0.1486987956917343,0.44920251953292345,0.46052739216296074
212,0.6090909090909091,0.6286713286713287,0.14430320769895996,0.18472188023767816,0.11964911183171019,0.14869879569173422,0.39817688514187444,0.4605273921629607
213,0.4881118881118881,0.6286713286713287,0.10360550960601332,0.18472188023767816,0.1303348810713326,0.1486987956917343,0.42514896597586993,0.46052739216296074
214,0.5377622377622377,0.6286713286713287,0.1132798105232158,0.18472188023767816,0.1379985009679474,0.14869879569173422,0.44179022469995416,0.4605273921629606
215,0.4783216783216784,0.6286713286713287,0.10269809377059118,0.18472188023767816,0.13405482996521154,0.14869879569173425,0.43423130641145874,0.4605273921629607
216,0.6398601398601398,0.6286713286713287,0.14300990032959165,0.18472188023767816,0.11271067010214147,0.1486987956917343,0.3821144151520262,0.46052739216296074
217,0.42867132867132873,0.6286713286713287,0.09856250241104972,0.18472188023767816,0.13566886503618691,0.14869879569173422,0.4385549631564946,0.4605273921629607
218,0.5685314685314686,0.6286713286713287,0.12122370980294997,0.18472188023767816,0.10905479708191541,0.1486987956917343,0.37926360932886777,0.46052739216296074
219,0.5174825174825175,0.6286713286713287,0.11191286374029336,0.18472188023767816,0.11930397368992243,0.14869879569173422,0.4002890626214223,0.4605273921629607
220,0.6615384615384616,0.6286713286713287,0.15887638718158584,0.18472188023767816,0.1090208489644399,0.14869879569173422,0.37373249997338115,0.4605273921629607
221,0.5223776223776224,0.6286713286713287,0.1102116903721409,0.18472188023767816,0.12349145936755888,0.14869879569173422,0.40947402289947277,0.4605273921629607
222,0.46923076923076923,0.6286713286713287,0.09839167180171979,0.18472188023767816,0.12669739850688833,0.14869879569173422,0.42106788802923956,0.4605273921629607
223,0.5692307692307692,0.6286713286713287,0.12078768695256656,0.18472188023767816,0.1206022424892955,0.14869879569173422,0.4063755041644347,0.46052739216296074
224,0.4832167832167832,0.6286713286713287,0.10357399233130027,0.18472188023767816,0.11802716534799139,0.14869879569173422,0.40031915207468527,0.46052739216296074
225,0.5230769230769231,0.6286713286713287,0.11114893113885675,0.18472188023767816,0.11591099170761146,0.14869879569173425,0.39057698803395496,0.4605273921629606
226,0.5083916083916085,0.6286713286713287,0.105003426155066,0.18472188023767816,0.1295778733771381,0.14869879569173422,0.42019153545215954,0.4605273921629606
227,0.5433566433566434,0.6286713286713287,0.11487904166015592,0.18472188023767816,0.11087717627176448,0.14869879569173422,0.37994063811859463,0.4605273921629606
228,0.5132867132867134,0.6286713286713287,0.10633053183843981,0.18472188023767816,0.1299427742998812,0.14869879569173422,0.4217495095148649,0.4605273921629606
229,0.5601398601398602,0.6286713286713287,0.12116126721141542,0.18472188023767816,0.12713926903527914,0.14869879569173422,0.41712252134326966,0.4605273921629607
230,0.43216783216783217,0.6286713286713287,0.09273018016518039,0.18472188023767816,0.14654953846198077,0.14869879569173425,0.46105818615736294,0.46052739216296074
231,0.6440559440559441,0.6286713286713287,0.14839583564963277,0.18472188023767816,0.1066825643697739,0.14869879569173422,0.36918739543462015,0.4605273921629607
232,0.6216783216783217,0.6286713286713287,0.1362726721907415,0.18472188023767816,0.10835508976382945,0.14869879569173422,0.37458081641243046,0.4605273921629607
233,0.5083916083916085,0.6286713286713287,0.11089228713470722,0.18472188023767816,0.12214249886371346,0.14869879569173422,0.40683850529975746,0.46052739216296074
234,0.6412587412587413,0.6286713286713287,0.14206795966255495,0.18472188023767816,0.1096047652795365,0.14869879569173422,0.3777298367215344,0.4605273921629607
235,0.6027972027972028,0.6286713286713287,0.13174256204939944,0.18472188023767816,0.11468494922597611,0.14869879569173422,0.3889669346041753,0.46052739216296074
236,0.5062937062937063,0.6286713286713287,0.10742693737054207,0.18472188023767816,0.1152665692116924,0.14869879569173422,0.3949118202172158,0.4605273921629607
237,0.5776223776223777,0.6286713286713287,0.1273391466660481,0.18472188023767816,0.1259030251090504,0.14869879569173422,0.41315182946383433,0.4605273921629607
238,0.5223776223776224,0.6286713286713287,0.11000087363421712,0.18472188023767816,0.11531657232054629,0.14869879569173422,0.38933586772051015,0.4605273921629607
239,0.48951048951048953,0.6286713286713287,0.10542239841816556,0.18472188023767816,0.11545740666308328,0.14869879569173422,0.3937438764055123,0.4605273921629607
240,0.5167832167832168,0.6286713286713287,0.10848485752611527,0.18472188023767816,0.13233622846476986,0.14869879569173422,0.4303099710995396,0.4605273921629607
241,0.527972027972028,0.6286713286713287,0.11091210998287099,0.18472188023767816,0.12869398618379507,0.14869879569173422,0.4200964925085727,0.4605273921629607
242,0.5055944055944056,0.6286713286713287,0.10518202645617186,0.18472188023767816,0.12805557138651674,0.14869879569173425,0.42117646857874974,0.46052739216296074
243,0.49510489510489514,0.6286713286713287,0.10546468533797683,0.18472188023767816,0.1315610972468027,0.1486987956917343,0.42997607364795454,0.46052739216296074
244,0.5097902097902098,0.6286713286713287,0.11117682810211303,0.18472188023767816,0.1279941636256053,0.14869879569173422,0.4203671031120977,0.4605273921629607
245,0.5013986013986014,0.6286713286713287,0.10381705322746729,0.18472188023767816,0.13045251047221212,0.14869879569173422,0.4285344084832473,0.4605273921629607
246,0.5020979020979022,0.6286713286713287,0.10382577687285456,0.18472188023767816,0.12172344234118648,0.14869879569173425,0.4072545249158332,0.46052739216296074
247,0.5104895104895105,0.6286713286713287,0.10628594927535912,0.18472188023767816,0.12994851030506122,0.14869879569173422,0.4249954603716438,0.4605273921629607
248,0.6251748251748253,0.6286713286713287,0.13716989236130894,0.18472188023767816,0.10563873790802579,0.1486987956917343,0.3698928881924575,0.46052739216296074
249,0.420979020979021,0.6286713286713287,0.09087927965469136,0.18472188023767816,0.1366195638373674,0.1486987956917343,0.4448011270552901,0.46052739216296074
250,0.5671328671328671,0.6286713286713287,0.11852617251696107,0.18472188023767816,0.11818961273328452,0.14869879569173422,0.4004264880851202,0.4605273921629607
251,0.6314685314685315,0.6286713286713287,0.13920420483429602,0.18472188023767816,0.1126696469068955,0.14869879569173422,0.3785163489780851,0.4605273921629607
252,0.5265734265734267,0.6286713286713287,0.11392632020640231,0.18472188023767816,0.11788771521035879,0.14869879569173422,0.3923495108331287,0.46052739216296074
253,0.6874125874125874,0.6286713286713287,0.16535736002426626,0.18472188023767816,0.11118762372028686,0.14869879569173422,0.37871503598583317,0.4605273921629607
254,0.47762237762237764,0.6286713286713287,0.10208232443503079,0.18472188023767816,0.12103586872054899,0.14869879569173425,0.40751179852999536,0.4605273921629607
255,0.5524475524475525,0.6286713286713287,0.11451302679534031,0.18472188023767816,0.13814784597879057,0.1486987956917343,0.4439577896281184,0.4605273921629608
256,0.5230769230769231,0.6286713286713287,0.10833124397777755,0.18472188023767816,0.129571473828205,0.1486987956917343,0.4239200553677052,0.46052739216296074
257,0.472027972027972,0.6286713286713287,0.10401373260969075,0.18472188023767816,0.13368401384400913,0.14869879569173425,0.43575507469464253,0.46052739216296074
258,0.4755244755244755,0.6286713286713287,0.09932728631992163,0.18472188023767816,0.13927648196113787,0.14869879569173422,0.44603350020262267,0.4605273921629607
259,0.5118881118881119,0.6286713286713287,0.10601031240012822,0.18472188023767816,0.13226198744419274,0.14869879569173425,0.43042608533507515,0.4605273921629607
260,0.5461538461538461,0.6286713286713287,0.11494246023026233,0.18472188023767816,0.11646190930633199,0.14869879569173425,0.3943339417260526,0.4605273921629607
261,0.5447552447552448,0.6286713286713287,0.11407611288414952,0.18472188023767816,0.11656422372918941,0.14869879569173422,0.39363485614051724,0.4605273921629607
262,0.586013986013986,0.6286713286713287,0.1282953786866515,0.18472188023767816,0.12663007214167327,0.14869879569173425,0.4152999740699912,0.4605273921629607
263,0.6363636363636364,0.6286713286713287,0.14382685144386334,0.18472188023767816,0.11974292971245194,0.14869879569173422,0.399057210703687,0.4605273921629607
264,0.6013986013986014,0.6286713286713287,0.14103871811322455,0.18472188023767816,0.11346849856054678,0.14869879569173422,0.3882959990340259,0.4605273921629606
265,0.5468531468531469,0.6286713286713287,0.11648456567371698,0.18472188023767816,0.1284951631718753,0.14869879569173422,0.4220935138270233,0.4605273921629606
266,0.4965034965034965,0.6286713286713287,0.10290172360869417,0.18472188023767816,0.15943140559968857,0.1486987956917343,0.48805045909952993,0.46052739216296074
267,0.5,0.6286713286713287,0.10581104988271842,0.18472188023767816,0.11952208459891221,0.14869879569173422,0.40114005429110905,0.4605273921629606
268,0.5482517482517483,0.6286713286713287,0.11590788181088434,0.18472188023767816,0.12160337998657136,0.1486987956917343,0.4071755864388833,0.46052739216296074
269,0.4433566433566434,0.6286713286713287,0.09589233201176203,0.18472188023767816,0.1389982125766649,0.14869879569173425,0.4446120722390839,0.46052739216296074
270,0.5300699300699301,0.6286713286713287,0.11174097660256296,0.18472188023767816,0.11982557645537009,0.14869879569173422,0.40575981058278093,0.4605273921629607
271,0.6181818181818182,0.6286713286713287,0.13499336369294235,0.18472188023767816,0.10469093205946448,0.14869879569173422,0.36387465976449174,0.46052739216296074
272,0.48391608391608393,0.6286713286713287,0.10592534421017406,0.18472188023767816,0.1355306786460251,0.1486987956917343,0.43803581159722255,0.46052739216296074
273,0.4986013986013986,0.6286713286713287,0.11057450177050368,0.18472188023767816,0.12778877331754895,0.14869879569173422,0.4247439397692422,0.4605273921629607
274,0.5517482517482517,0.6286713286713287,0.11599369772997081,0.18472188023767816,0.11462546298057494,0.14869879569173422,0.38794674235641163,0.4605273921629607
275,0.5167832167832167,0.6286713286713287,0.10896689027832529,0.18472188023767816,0.12678685860097164,0.14869879569173422,0.41530981768815173,0.4605273921629607
276,0.534965034965035,0.6286713286713287,0.11246595636472731,0.18472188023767816,0.1203723162871373,0.14869879569173422,0.4044114189500104,0.4605273921629606
277,0.5272727272727273,0.6286713286713287,0.11185911866513376,0.18472188023767816,0.10987890120421885,0.14869879569173416,0.3794217687263438,0.4605273921629606
278,0.606993006993007,0.6286713286713287,0.13323114319863893,0.18472188023767816,0.12760744407671343,0.1486987956917343,0.41533710824080433,0.46052739216296074
279,0.5272727272727273,0.6286713286713287,0.1113249703960395,0.18472188023767816,0.1202214091199438,0.14869879569173422,0.40490004522508044,0.4605273921629607
280,0.48671328671328673,0.6286713286713287,0.10628159346404739,0.18472188023767816,0.12416809524112916,0.14869879569173425,0.4102339009775037,0.46052739216296074
281,0.5776223776223777,0.6286713286713287,0.12390423359347782,0.18472188023767816,0.11533358831821904,0.14869879569173422,0.38933999042179,0.46052739216296074
282,0.5174825174825175,0.6286713286713287,0.10985236091265899,0.18472188023767816,0.11869679323815702,0.14869879569173422,0.4006980760507735,0.4605273921629607
283,0.6524475524475525,0.6286713286713287,0.1517458650828423,0.18472188023767816,0.10974741817549985,0.14869879569173422,0.3758059439787567,0.46052739216296074
284,0.48461538461538467,0.6286713286713287,0.10638262513163282,0.18472188023767816,0.13994388597100543,0.14869879569173425,0.44718799198153747,0.46052739216296074
285,0.49790209790209794,0.6286713286713287,0.10348043424327308,0.18472188023767816,0.1315282941513358,0.14869879569173422,0.4317043034435835,0.4605273921629607
286,0.4720279720279721,0.6286713286713287,0.10133376718157179,0.18472188023767816,0.12561083861734162,0.14869879569173422,0.42160422492565985,0.4605273921629606
287,0.5951048951048952,0.6286713286713287,0.13611218358188903,0.18472188023767816,0.11997400200974732,0.14869879569173422,0.4021778150198037,0.4605273921629607
288,0.4965034965034965,0.6286713286713287,0.10324741405895431,0.18472188023767816,0.1501599582226145,0.1486987956917343,0.46723762773187594,0.46052739216296074
289,0.48461538461538467,0.6286713286713287,0.10941928226287131,0.18472188023767816,0.12687359059161582,0.14869879569173425,0.41778213615219434,0.4605273921629607
290,0.4832167832167832,0.6286713286713287,0.10385230634579454,0.18472188023767816,0.11754438651633829,0.14869879569173422,0.3984184322542275,0.4605273921629607
291,0.5384615384615384,0.6286713286713287,0.11340409956235879,0.18472188023767816,0.12012990188758137,0.14869879569173425,0.4034595049357267,0.4605273921629607
292,0.47342657342657346,0.6286713286713287,0.10198787207841412,0.18472188023767816,0.13959968432977315,0.1486987956917343,0.447590709173178,0.4605273921629607
293,0.5013986013986014,0.6286713286713287,0.10895144683669788,0.18472188023767816,0.12561902239552275,0.1486987956917343,0.4153191131338485,0.4605273921629608
294,0.5062937062937063,0.6286713286713287,0.10586206313703457,0.18472188023767816,0.1167002238108941,0.14869879569173425,0.3987593312800596,0.46052739216296074
295,0.48041958041958044,0.6286713286713287,0.10065648975004812,0.18472188023767816,0.13129038813020635,0.14869879569173422,0.43070613714289663,0.4605273921629607
296,0.541958041958042,0.6286713286713287,0.11293383549063343,0.18472188023767816,0.11316780159407817,0.1486987956917343,0.3911265883087799,0.46052739216296074
297,0.5244755244755245,0.6286713286713287,0.11195121519370485,0.18472188023767816,0.13250835914635198,0.14869879569173422,0.43280033785994443,0.4605273921629607
298,0.6580419580419581,0.6286713286713287,0.1467720178293881,0.18472188023767816,0.10447433461020714,0.1486987956917343,0.3595400877010629,0.46052739216296074
299,0.5531468531468532,0.6286713286713287,0.12073299835128039,0.18472188023767816,0.13699191710536876,0.14869879569173422,0.43888524189900546,0.4605273921629607
