grid_lat,grid_lon,cmax_dbz,coverage_eligible,support_eligible_scan_fraction,n_scans_ge35_area_ge5pct,n_scans_ge35_area_ge10pct,storm_candidate_moderate,storm_candidate_strict,storm_candidate_very_strict,period_id,period_start_utc,period_end_utc,n_radar_scans,grid_lat_key,grid_lon_key,hail_positive,storm_indicator,sample_category
40.37500000000291,-91.87500108932073,38.5,False,0.2,1,0,False,False,False,active_20240418,2024-04-18 22:00:00,2024-04-18 22:59:59,30,40.375,-91.875,False,False,coverage_ineligible
40.37500000000291,-91.62500109646481,42.0,False,0.43333333333333335,8,6,False,False,False,active_20240418,2024-04-18 22:00:00,2024-04-18 22:59:59,30,40.375,-91.625,False,False,coverage_ineligible
40.37500000000291,-91.37500110360884,46.0,False,0.6666666666666666,11,6,False,False,False,active_20240418,2024-04-18 22:00:00,2024-04-18 22:59:59,30,40.375,-91.375,False,False,coverage_ineligible
40.37500000000291,-91.12500111075286,53.0,True,0.9333333333333333,15,13,True,True,True,active_20240418,2024-04-18 22:00:00,2024-04-18 22:59:59,30,40.375,-91.125,False,True,S1_H0
40.37500000000291,-90.87500111789689,53.5,True,1.0,29,27,True,True,True,active_20240418,2024-04-18 22:00:00,2024-04-18 22:59:59,30,40.375,-90.875,False,True,S1_H0
40.37500000000291,-90.62500112504097,53.5,True,1.0,30,29,True,True,True,active_20240418,2024-04-18 22:00:00,2024-04-18 22:59:59,30,40.375,-90.625,False,True,S1_H0
40.37500000000291,-90.37500113218493,53.5,True,1.0,30,30,True,True,True,active_20240418,2024-04-18 22:00:00,2024-04-18 22:59:59,30,40.375,-90.375,False,True,S1_H0
40.37500000000291,-90.12500113932896,52.5,False,0.6666666666666666,14,13,False,False,False,active_20240418,2024-04-18 22:00:00,2024-04-18 22:59:59,30,40.375,-90.125,False,False,coverage_ineligible
40.37500000000291,-89.87500114647298,51.0,False,0.5333333333333333,14,13,False,False,False,active_20240418,2024-04-18 22:00:00,2024-04-18 22:59:59,30,40.375,-89.875,False,False,coverage_ineligible
40.37500000000291,-89.62500115361706,46.5,False,0.7,11,9,False,False,False,active_20240418,2024-04-18 22:00:00,2024-04-18 22:59:59,30,40.375,-89.625,False,False,coverage_ineligible
40.37500000000291,-89.37500116076103,50.5,True,0.9333333333333333,11,8,True,True,False,active_20240418,2024-04-18 22:00:00,2024-04-18 22:59:59,30,40.375,-89.375,False,True,S1_H0
40.37500000000291,-89.12500116790505,50.5,True,1.0,8,7,True,True,False,active_20240418,2024-04-18 22:00:00,2024-04-18 22:59:59,30,40.375,-89.125,False,True,S1_H0
40.37500000000291,-88.87500117504902,49.0,True,1.0,3,3,True,False,False,active_20240418,2024-04-18 22:00:00,2024-04-18 22:59:59,30,40.375,-88.875,False,False,S0_H0
40.37500000000291,-88.6250011821931,21.0,True,1.0,0,0,False,False,False,active_20240418,2024-04-18 22:00:00,2024-04-18 22:59:59,30,40.375,-88.625,False,False,S0_H0
40.125000000002956,-91.87500108932073,39.5,True,0.8333333333333334,0,0,False,False,False,active_20240418,2024-04-18 22:00:00,2024-04-18 22:59:59,30,40.125,-91.875,False,False,S0_H0
40.125000000002956,-91.62500109646481,47.5,True,0.9,6,5,True,True,False,active_20240418,2024-04-18 22:00:00,2024-04-18 22:59:59,30,40.125,-91.625,False,True,S1_H0
40.125000000002956,-91.37500110360884,48.5,True,1.0,15,14,True,True,True,active_20240418,2024-04-18 22:00:00,2024-04-18 22:59:59,30,40.125,-91.375,False,True,S1_H0
40.125000000002956,-91.12500111075286,49.5,True,1.0,26,24,True,True,True,active_20240418,2024-04-18 22:00:00,2024-04-18 22:59:59,30,40.125,-91.125,False,True,S1_H0
40.125000000002956,-90.87500111789689,50.0,True,0.9666666666666667,27,25,True,True,True,active_20240418,2024-04-18 22:00:00,2024-04-18 22:59:59,30,40.125,-90.875,False,True,S1_H0
40.125000000002956,-90.62500112504097,51.5,False,0.5333333333333333,16,13,False,False,False,active_20240418,2024-04-18 22:00:00,2024-04-18 22:59:59,30,40.125,-90.625,False,False,coverage_ineligible
40.125000000002956,-90.37500113218493,54.0,False,0.4,12,12,False,False,False,active_20240418,2024-04-18 22:00:00,2024-04-18 22:59:59,30,40.125,-90.375,False,False,coverage_ineligible
40.125000000002956,-90.12500113932896,43.5,False,0.26666666666666666,4,3,False,False,False,active_20240418,2024-04-18 22:00:00,2024-04-18 22:59:59,30,40.125,-90.125,False,False,coverage_ineligible
40.125000000002956,-89.87500114647298,48.5,False,0.3333333333333333,10,10,False,False,False,active_20240418,2024-04-18 22:00:00,2024-04-18 22:59:59,30,40.125,-89.875,False,False,coverage_ineligible
40.125000000002956,-89.62500115361706,53.5,True,0.8333333333333334,21,17,True,True,True,active_20240418,2024-04-18 22:00:00,2024-04-18 22:59:59,30,40.125,-89.625,False,True,S1_H0
40.125000000002956,-89.37500116076103,53.5,False,0.6333333333333333,18,17,False,False,False,active_20240418,2024-04-18 22:00:00,2024-04-18 22:59:59,30,40.125,-89.375,False,False,coverage_ineligible
40.125000000002956,-89.12500116790505,52.5,True,1.0,11,11,True,True,True,active_20240418,2024-04-18 22:00:00,2024-04-18 22:59:59,30,40.125,-89.125,False,True,S1_H0
40.125000000002956,-88.87500117504902,43.5,True,1.0,1,0,False,False,False,active_20240418,2024-04-18 22:00:00,2024-04-18 22:59:59,30,40.125,-88.875,False,False,S0_H0
40.125000000002956,-88.6250011821931,27.0,True,1.0,0,0,False,False,False,active_20240418,2024-04-18 22:00:00,2024-04-18 22:59:59,30,40.125,-88.625,False,False,S0_H0
39.875000000003006,-91.87500108932073,51.0,True,1.0,14,7,True,True,False,active_20240418,2024-04-18 22:00:00,2024-04-18 22:59:59,30,39.875,-91.875,False,True,S1_H0
39.875000000003006,-91.62500109646481,53.0,True,1.0,16,15,True,True,True,active_20240418,2024-04-18 22:00:00,2024-04-18 22:59:59,30,39.875,-91.625,False,True,S1_H0
39.875000000003006,-91.37500110360884,54.5,True,0.9,24,20,True,True,True,active_20240418,2024-04-18 22:00:00,2024-04-18 22:59:59,30,39.875,-91.375,False,True,S1_H0
39.875000000003006,-91.12500111075286,53.0,False,0.7,20,15,False,False,False,active_20240418,2024-04-18 22:00:00,2024-04-18 22:59:59,30,39.875,-91.125,False,False,coverage_ineligible
39.875000000003006,-90.87500111789689,51.0,False,0.6,12,8,False,False,False,active_20240418,2024-04-18 22:00:00,2024-04-18 22:59:59,30,39.875,-90.875,False,False,coverage_ineligible
39.875000000003006,-90.62500112504097,53.0,False,0.5666666666666667,12,11,False,False,False,active_20240418,2024-04-18 22:00:00,2024-04-18 22:59:59,30,39.875,-90.625,False,False,coverage_ineligible
39.875000000003006,-90.37500113218493,55.0,False,0.4,6,6,False,False,False,active_20240418,2024-04-18 22:00:00,2024-04-18 22:59:59,30,39.875,-90.375,False,False,coverage_ineligible
39.875000000003006,-90.12500113932896,50.5,False,0.4,6,5,False,False,False,active_20240418,2024-04-18 22:00:00,2024-04-18 22:59:59,30,39.875,-90.125,False,False,coverage_ineligible
39.875000000003006,-89.87500114647298,54.0,False,0.4666666666666667,13,13,False,False,False,active_20240418,2024-04-18 22:00:00,2024-04-18 22:59:59,30,39.875,-89.875,False,False,coverage_ineligible
39.875000000003006,-89.62500115361706,49.5,False,0.7333333333333333,18,15,False,False,False,active_20240418,2024-04-18 22:00:00,2024-04-18 22:59:59,30,39.875,-89.625,False,False,coverage_ineligible
39.875000000003006,-89.37500116076103,47.0,True,0.9333333333333333,17,15,True,True,True,active_20240418,2024-04-18 22:00:00,2024-04-18 22:59:59,30,39.875,-89.375,False,True,S1_H0
39.875000000003006,-89.12500116790505,52.0,True,1.0,11,8,True,True,False,active_20240418,2024-04-18 22:00:00,2024-04-18 22:59:59,30,39.875,-89.125,False,True,S1_H0
39.875000000003006,-88.87500117504902,46.5,True,1.0,1,0,False,False,False,active_20240418,2024-04-18 22:00:00,2024-04-18 22:59:59,30,39.875,-88.875,False,False,S0_H0
39.875000000003006,-88.6250011821931,27.0,True,1.0,0,0,False,False,False,active_20240418,2024-04-18 22:00:00,2024-04-18 22:59:59,30,39.875,-88.625,False,False,S0_H0
39.62500000000305,-91.87500108932073,57.0,False,0.4666666666666667,14,14,False,False,False,active_20240418,2024-04-18 22:00:00,2024-04-18 22:59:59,30,39.625,-91.875,False,False,coverage_ineligible
39.62500000000305,-91.62500109646481,56.0,False,0.5666666666666667,17,16,False,False,False,active_20240418,2024-04-18 22:00:00,2024-04-18 22:59:59,30,39.625,-91.625,False,False,coverage_ineligible
39.62500000000305,-91.37500110360884,55.5,False,0.36666666666666664,11,11,False,False,False,active_20240418,2024-04-18 22:00:00,2024-04-18 22:59:59,30,39.625,-91.375,False,False,coverage_ineligible
39.62500000000305,-91.12500111075286,57.5,False,0.5666666666666667,17,10,False,False,False,active_20240418,2024-04-18 22:00:00,2024-04-18 22:59:59,30,39.625,-91.125,False,False,coverage_ineligible
39.62500000000305,-90.87500111789689,63.0,False,0.5333333333333333,15,14,False,False,False,active_20240418,2024-04-18 22:00:00,2024-04-18 22:59:59,30,39.625,-90.875,False,False,coverage_ineligible
39.62500000000305,-90.62500112504097,60.5,False,0.0,0,0,False,False,False,active_20240418,2024-04-18 22:00:00,2024-04-18 22:59:59,30,39.625,-90.625,False,False,coverage_ineligible
39.62500000000305,-90.37500113218493,56.0,False,0.0,0,0,False,False,False,active_20240418,2024-04-18 22:00:00,2024-04-18 22:59:59,30,39.625,-90.375,False,False,coverage_ineligible
39.62500000000305,-90.12500113932896,55.0,False,0.5333333333333333,15,9,False,False,False,active_20240418,2024-04-18 22:00:00,2024-04-18 22:59:59,30,39.625,-90.125,False,False,coverage_ineligible
39.62500000000305,-89.87500114647298,56.5,True,1.0,27,27,True,True,True,active_20240418,2024-04-18 22:00:00,2024-04-18 22:59:59,30,39.625,-89.875,False,True,S1_H0
39.62500000000305,-89.62500115361706,51.5,True,1.0,13,12,True,True,True,active_20240418,2024-04-18 22:00:00,2024-04-18 22:59:59,30,39.625,-89.625,False,True,S1_H0
39.62500000000305,-89.37500116076103,46.0,True,1.0,7,0,True,False,False,active_20240418,2024-04-18 22:00:00,2024-04-18 22:59:59,30,39.625,-89.375,False,False,S0_H0
39.62500000000305,-89.12500116790505,39.5,True,1.0,1,0,False,False,False,active_20240418,2024-04-18 22:00:00,2024-04-18 22:59:59,30,39.625,-89.125,False,False,S0_H0
39.62500000000305,-88.87500117504902,27.0,True,1.0,0,0,False,False,False,active_20240418,2024-04-18 22:00:00,2024-04-18 22:59:59,30,39.625,-88.875,False,False,S0_H0
39.62500000000305,-88.6250011821931,24.0,True,0.9333333333333333,0,0,False,False,False,active_20240418,2024-04-18 22:00:00,2024-04-18 22:59:59,30,39.625,-88.625,False,False,S0_H0
39.37500000000311,-91.87500108932073,54.0,False,0.36666666666666664,9,8,False,False,False,active_20240418,2024-04-18 22:00:00,2024-04-18 22:59:59,30,39.375,-91.875,False,False,coverage_ineligible
39.37500000000311,-91.62500109646481,54.5,False,0.3,9,7,False,False,False,active_20240418,2024-04-18 22:00:00,2024-04-18 22:59:59,30,39.375,-91.625,False,False,coverage_ineligible
39.37500000000311,-91.37500110360884,49.0,False,0.0,0,0,False,False,False,active_20240418,2024-04-18 22:00:00,2024-04-18 22:59:59,30,39.375,-91.375,False,False,coverage_ineligible
39.37500000000311,-91.12500111075286,38.0,False,0.0,0,0,False,False,False,active_20240418,2024-04-18 22:00:00,2024-04-18 22:59:59,30,39.375,-91.125,False,False,coverage_ineligible
39.37500000000311,-90.87500111789689,41.0,False,0.0,0,0,False,False,False,active_20240418,2024-04-18 22:00:00,2024-04-18 22:59:59,30,39.375,-90.875,False,False,coverage_ineligible
39.37500000000311,-90.62500112504097,59.5,False,0.1,2,2,False,False,False,active_20240418,2024-04-18 22:00:00,2024-04-18 22:59:59,30,39.375,-90.625,False,False,coverage_ineligible
39.37500000000311,-90.37500113218493,58.5,True,0.9666666666666667,22,21,True,True,True,active_20240418,2024-04-18 22:00:00,2024-04-18 22:59:59,30,39.375,-90.375,False,True,S1_H0
39.37500000000311,-90.12500113932896,62.0,True,1.0,30,30,True,True,True,active_20240418,2024-04-18 22:00:00,2024-04-18 22:59:59,30,39.375,-90.125,False,True,S1_H0
39.37500000000311,-89.87500114647298,59.0,True,1.0,27,26,True,True,True,active_20240418,2024-04-18 22:00:00,2024-04-18 22:59:59,30,39.375,-89.875,False,True,S1_H0
39.37500000000311,-89.62500115361706,58.5,True,1.0,14,13,True,True,True,active_20240418,2024-04-18 22:00:00,2024-04-18 22:59:59,30,39.375,-89.625,False,True,S1_H0
39.37500000000311,-89.37500116076103,43.0,True,1.0,0,0,False,False,False,active_20240418,2024-04-18 22:00:00,2024-04-18 22:59:59,30,39.375,-89.375,False,False,S0_H0
39.37500000000311,-89.12500116790505,32.5,True,0.8333333333333334,0,0,False,False,False,active_20240418,2024-04-18 22:00:00,2024-04-18 22:59:59,30,39.375,-89.125,False,False,S0_H0
39.37500000000311,-88.87500117504902,25.5,False,0.4,0,0,False,False,False,active_20240418,2024-04-18 22:00:00,2024-04-18 22:59:59,30,39.375,-88.875,False,False,coverage_ineligible
39.37500000000311,-88.6250011821931,18.5,False,0.16666666666666666,0,0,False,False,False,active_20240418,2024-04-18 22:00:00,2024-04-18 22:59:59,30,39.375,-88.625,False,False,coverage_ineligible
39.125000000003155,-91.87500108932073,56.0,False,0.16666666666666666,4,3,False,False,False,active_20240418,2024-04-18 22:00:00,2024-04-18 22:59:59,30,39.125,-91.875,False,False,coverage_ineligible
39.125000000003155,-91.62500109646481,29.5,False,0.0,0,0,False,False,False,active_20240418,2024-04-18 22:00:00,2024-04-18 22:59:59,30,39.125,-91.625,False,False,coverage_ineligible
39.125000000003155,-91.37500110360884,22.0,False,0.0,0,0,False,False,False,active_20240418,2024-04-18 22:00:00,2024-04-18 22:59:59,30,39.125,-91.375,False,False,coverage_ineligible
39.125000000003155,-91.12500111075286,23.5,False,0.0,0,0,False,False,False,active_20240418,2024-04-18 22:00:00,2024-04-18 22:59:59,30,39.125,-91.125,False,False,coverage_ineligible
39.125000000003155,-90.87500111789689,55.5,False,0.6,4,4,False,False,False,active_20240418,2024-04-18 22:00:00,2024-04-18 22:59:59,30,39.125,-90.875,False,False,coverage_ineligible
39.125000000003155,-90.62500112504097,58.5,True,0.9666666666666667,14,13,True,True,True,active_20240418,2024-04-18 22:00:00,2024-04-18 22:59:59,30,39.125,-90.625,False,True,S1_H0
39.125000000003155,-90.37500113218493,57.5,True,1.0,24,21,True,True,True,active_20240418,2024-04-18 22:00:00,2024-04-18 22:59:59,30,39.125,-90.375,False,True,S1_H0
39.125000000003155,-90.12500113932896,56.5,True,1.0,17,16,True,True,True,active_20240418,2024-04-18 22:00:00,2024-04-18 22:59:59,30,39.125,-90.125,False,True,S1_H0
39.125000000003155,-89.87500114647298,59.0,True,0.8333333333333334,12,8,True,True,False,active_20240418,2024-04-18 22:00:00,2024-04-18 22:59:59,30,39.125,-89.875,False,True,S1_H0
39.125000000003155,-89.62500115361706,53.5,False,0.5666666666666667,3,2,False,False,False,active_20240418,2024-04-18 22:00:00,2024-04-18 22:59:59,30,39.125,-89.625,False,False,coverage_ineligible
39.125000000003155,-89.37500116076103,41.0,False,0.36666666666666664,0,0,False,False,False,active_20240418,2024-04-18 22:00:00,2024-04-18 22:59:59,30,39.125,-89.375,False,False,coverage_ineligible
39.125000000003155,-89.12500116790505,42.5,False,0.16666666666666666,0,0,False,False,False,active_20240418,2024-04-18 22:00:00,2024-04-18 22:59:59,30,39.125,-89.125,False,False,coverage_ineligible
39.125000000003155,-88.87500117504902,23.5,False,0.0,0,0,False,False,False,active_20240418,2024-04-18 22:00:00,2024-04-18 22:59:59,30,39.125,-88.875,False,False,coverage_ineligible
39.125000000003155,-88.6250011821931,11.5,False,0.0,0,0,False,False,False,active_20240418,2024-04-18 22:00:00,2024-04-18 22:59:59,30,39.125,-88.625,False,False,coverage_ineligible
38.875000000003205,-91.87500108932073,30.5,False,0.0,0,0,False,False,False,active_20240418,2024-04-18 22:00:00,2024-04-18 22:59:59,30,38.875,-91.875,False,False,coverage_ineligible
38.875000000003205,-91.62500109646481,20.5,False,0.0,0,0,False,False,False,active_20240418,2024-04-18 22:00:00,2024-04-18 22:59:59,30,38.875,-91.625,False,False,coverage_ineligible
38.875000000003205,-91.37500110360884,27.0,False,0.06666666666666667,0,0,False,False,False,active_20240418,2024-04-18 22:00:00,2024-04-18 22:59:59,30,38.875,-91.375,False,False,coverage_ineligible
38.875000000003205,-91.12500111075286,54.5,False,0.5666666666666667,2,1,False,False,False,active_20240418,2024-04-18 22:00:00,2024-04-18 22:59:59,30,38.875,-91.125,False,False,coverage_ineligible
38.875000000003205,-90.87500111789689,61.0,True,1.0,14,13,True,True,True,active_20240418,2024-04-18 22:00:00,2024-04-18 22:59:59,30,38.875,-90.875,False,True,S1_H0
38.875000000003205,-90.62500112504097,59.0,True,1.0,22,20,True,True,True,active_20240418,2024-04-18 22:00:00,2024-04-18 22:59:59,30,38.875,-90.625,False,True,S1_H0
38.875000000003205,-90.37500113218493,62.0,True,1.0,27,27,True,True,True,active_20240418,2024-04-18 22:00:00,2024-04-18 22:59:59,30,38.875,-90.375,True,True,S1_H1
38.875000000003205,-90.12500113932896,60.5,True,0.9333333333333333,16,14,True,True,True,active_20240418,2024-04-18 22:00:00,2024-04-18 22:59:59,30,38.875,-90.125,False,True,S1_H0
38.875000000003205,-89.87500114647298,59.5,False,0.5666666666666667,17,17,False,False,False,active_20240418,2024-04-18 22:00:00,2024-04-18 22:59:59,30,38.875,-89.875,False,False,coverage_ineligible
38.875000000003205,-89.62500115361706,51.5,False,0.26666666666666666,1,0,False,False,False,active_20240418,2024-04-18 22:00:00,2024-04-18 22:59:59,30,38.875,-89.625,False,False,coverage_ineligible
38.875000000003205,-89.37500116076103,32.0,False,0.06666666666666667,0,0,False,False,False,active_20240418,2024-04-18 22:00:00,2024-04-18 22:59:59,30,38.875,-89.375,False,False,coverage_ineligible
38.875000000003205,-89.12500116790505,22.0,False,0.0,0,0,False,False,False,active_20240418,2024-04-18 22:00:00,2024-04-18 22:59:59,30,38.875,-89.125,False,False,coverage_ineligible
38.875000000003205,-88.87500117504902,14.0,False,0.0,0,0,False,False,False,active_20240418,2024-04-18 22:00:00,2024-04-18 22:59:59,30,38.875,-88.875,False,False,coverage_ineligible
38.875000000003205,-88.6250011821931,,False,0.0,0,0,False,False,False,active_20240418,2024-04-18 22:00:00,2024-04-18 22:59:59,30,38.875,-88.625,False,False,coverage_ineligible
38.625000000003254,-91.87500108932073,,False,0.0,0,0,False,False,False,active_20240418,2024-04-18 22:00:00,2024-04-18 22:59:59,30,38.625,-91.875,False,False,coverage_ineligible
38.625000000003254,-91.62500109646481,23.0,False,0.0,0,0,False,False,False,active_20240418,2024-04-18 22:00:00,2024-04-18 22:59:59,30,38.625,-91.625,False,False,coverage_ineligible
38.625000000003254,-91.37500110360884,47.5,False,0.43333333333333335,1,1,False,False,False,active_20240418,2024-04-18 22:00:00,2024-04-18 22:59:59,30,38.625,-91.375,False,False,coverage_ineligible
38.625000000003254,-91.12500111075286,57.5,True,0.9333333333333333,11,10,True,True,True,active_20240418,2024-04-18 22:00:00,2024-04-18 22:59:59,30,38.625,-91.125,False,True,S1_H0
38.625000000003254,-90.87500111789689,59.0,True,1.0,23,23,True,True,True,active_20240418,2024-04-18 22:00:00,2024-04-18 22:59:59,30,38.625,-90.875,False,True,S1_H0
38.625000000003254,-90.62500112504097,64.0,True,1.0,30,29,True,True,True,active_20240418,2024-04-18 22:00:00,2024-04-18 22:59:59,30,38.625,-90.625,False,True,S1_H0
38.625000000003254,-90.37500113218493,63.5,True,1.0,30,28,True,True,True,active_20240418,2024-04-18 22:00:00,2024-04-18 22:59:59,30,38.625,-90.375,False,True,S1_H0
38.625000000003254,-90.12500113932896,58.5,True,0.9333333333333333,14,13,True,True,True,active_20240418,2024-04-18 22:00:00,2024-04-18 22:59:59,30,38.625,-90.125,False,True,S1_H0
38.625000000003254,-89.87500114647298,44.5,False,0.5333333333333333,0,0,False,False,False,active_20240418,2024-04-18 22:00:00,2024-04-18 22:59:59,30,38.625,-89.875,False,False,coverage_ineligible
38.625000000003254,-89.62500115361706,21.5,False,0.16666666666666666,0,0,False,False,False,active_20240418,2024-04-18 22:00:00,2024-04-18 22:59:59,30,38.625,-89.625,False,False,coverage_ineligible
38.625000000003254,-89.37500116076103,16.5,False,0.0,0,0,False,False,False,active_20240418,2024-04-18 22:00:00,2024-04-18 22:59:59,30,38.625,-89.375,False,False,coverage_ineligible
38.625000000003254,-89.12500116790505,16.5,False,0.0,0,0,False,False,False,active_20240418,2024-04-18 22:00:00,2024-04-18 22:59:59,30,38.625,-89.125,False,False,coverage_ineligible
38.625000000003254,-88.87500117504902,13.5,False,0.0,0,0,False,False,False,active_20240418,2024-04-18 22:00:00,2024-04-18 22:59:59,30,38.625,-88.875,False,False,coverage_ineligible
38.625000000003254,-88.6250011821931,7.0,False,0.0,0,0,False,False,False,active_20240418,2024-04-18 22:00:00,2024-04-18 22:59:59,30,38.625,-88.625,False,False,coverage_ineligible
38.375000000003304,-91.87500108932073,23.0,False,0.0,0,0,False,False,False,active_20240418,2024-04-18 22:00:00,2024-04-18 22:59:59,30,38.375,-91.875,False,False,coverage_ineligible
38.375000000003304,-91.62500109646481,38.5,False,0.2,0,0,False,False,False,active_20240418,2024-04-18 22:00:00,2024-04-18 22:59:59,30,38.375,-91.625,False,False,coverage_ineligible
38.375000000003304,-91.37500110360884,56.5,True,0.8666666666666667,8,7,True,True,False,active_20240418,2024-04-18 22:00:00,2024-04-18 22:59:59,30,38.375,-91.375,False,True,S1_H0
38.375000000003304,-91.12500111075286,61.5,True,1.0,19,17,True,True,True,active_20240418,2024-04-18 22:00:00,2024-04-18 22:59:59,30,38.375,-91.125,False,True,S1_H0
38.375000000003304,-90.87500111789689,59.5,True,1.0,24,20,True,True,True,active_20240418,2024-04-18 22:00:00,2024-04-18 22:59:59,30,38.375,-90.875,False,True,S1_H0
38.375000000003304,-90.62500112504097,60.0,True,1.0,27,26,True,True,True,active_20240418,2024-04-18 22:00:00,2024-04-18 22:59:59,30,38.375,-90.625,False,True,S1_H0
38.375000000003304,-90.37500113218493,61.5,True,0.9333333333333333,21,12,True,True,True,active_20240418,2024-04-18 22:00:00,2024-04-18 22:59:59,30,38.375,-90.375,False,True,S1_H0
38.375000000003304,-90.12500113932896,39.0,False,0.5666666666666667,0,0,False,False,False,active_20240418,2024-04-18 22:00:00,2024-04-18 22:59:59,30,38.375,-90.125,False,False,coverage_ineligible
38.375000000003304,-89.87500114647298,23.5,False,0.16666666666666666,0,0,False,False,False,active_20240418,2024-04-18 22:00:00,2024-04-18 22:59:59,30,38.375,-89.875,False,False,coverage_ineligible
38.375000000003304,-89.62500115361706,18.0,False,0.0,0,0,False,False,False,active_20240418,2024-04-18 22:00:00,2024-04-18 22:59:59,30,38.375,-89.625,False,False,coverage_ineligible
38.375000000003304,-89.37500116076103,9.0,False,0.0,0,0,False,False,False,active_20240418,2024-04-18 22:00:00,2024-04-18 22:59:59,30,38.375,-89.375,False,False,coverage_ineligible
38.375000000003304,-89.12500116790505,,False,0.0,0,0,False,False,False,active_20240418,2024-04-18 22:00:00,2024-04-18 22:59:59,30,38.375,-89.125,False,False,coverage_ineligible
38.375000000003304,-88.87500117504902,20.5,False,0.0,0,0,False,False,False,active_20240418,2024-04-18 22:00:00,2024-04-18 22:59:59,30,38.375,-88.875,False,False,coverage_ineligible
38.375000000003304,-88.6250011821931,12.5,False,0.0,0,0,False,False,False,active_20240418,2024-04-18 22:00:00,2024-04-18 22:59:59,30,38.375,-88.625,False,False,coverage_ineligible
38.125000000003354,-91.87500108932073,54.0,False,0.23333333333333334,3,3,False,False,False,active_20240418,2024-04-18 22:00:00,2024-04-18 22:59:59,30,38.125,-91.875,False,False,coverage_ineligible
38.125000000003354,-91.62500109646481,57.0,False,0.5333333333333333,13,11,False,False,False,active_20240418,2024-04-18 22:00:00,2024-04-18 22:59:59,30,38.125,-91.625,False,False,coverage_ineligible
38.125000000003354,-91.37500110360884,59.0,True,1.0,29,26,True,True,True,active_20240418,2024-04-18 22:00:00,2024-04-18 22:59:59,30,38.125,-91.375,False,True,S1_H0
38.125000000003354,-91.12500111075286,60.0,True,1.0,25,24,True,True,True,active_20240418,2024-04-18 22:00:00,2024-04-18 22:59:59,30,38.125,-91.125,False,True,S1_H0
38.125000000003354,-90.87500111789689,60.5,True,0.8333333333333334,18,15,True,True,True,active_20240418,2024-04-18 22:00:00,2024-04-18 22:59:59,30,38.125,-90.875,False,True,S1_H0
38.125000000003354,-90.62500112504097,59.0,False,0.6333333333333333,8,6,False,False,False,active_20240418,2024-04-18 22:00:00,2024-04-18 22:59:59,30,38.125,-90.625,False,False,coverage_ineligible
38.125000000003354,-90.37500113218493,26.5,False,0.4,0,0,False,False,False,active_20240418,2024-04-18 22:00:00,2024-04-18 22:59:59,30,38.125,-90.375,False,False,coverage_ineligible
38.125000000003354,-90.12500113932896,26.0,False,0.13333333333333333,0,0,False,False,False,active_20240418,2024-04-18 22:00:00,2024-04-18 22:59:59,30,38.125,-90.125,False,False,coverage_ineligible
38.125000000003354,-89.87500114647298,18.5,False,0.0,0,0,False,False,False,active_20240418,2024-04-18 22:00:00,2024-04-18 22:59:59,30,38.125,-89.875,False,False,coverage_ineligible
38.125000000003354,-89.62500115361706,,False,0.0,0,0,False,False,False,active_20240418,2024-04-18 22:00:00,2024-04-18 22:59:59,30,38.125,-89.625,False,False,coverage_ineligible
38.125000000003354,-89.37500116076103,,False,0.0,0,0,False,False,False,active_20240418,2024-04-18 22:00:00,2024-04-18 22:59:59,30,38.125,-89.375,False,False,coverage_ineligible
38.125000000003354,-89.12500116790505,,False,0.0,0,0,False,False,False,active_20240418,2024-04-18 22:00:00,2024-04-18 22:59:59,30,38.125,-89.125,False,False,coverage_ineligible
38.125000000003354,-88.87500117504902,15.0,False,0.0,0,0,False,False,False,active_20240418,2024-04-18 22:00:00,2024-04-18 22:59:59,30,38.125,-88.875,False,False,coverage_ineligible
38.125000000003354,-88.6250011821931,14.0,False,0.0,0,0,False,False,False,active_20240418,2024-04-18 22:00:00,2024-04-18 22:59:59,30,38.125,-88.625,False,False,coverage_ineligible
37.8750000000034,-91.87500108932073,64.0,False,0.36666666666666664,11,11,False,False,False,active_20240418,2024-04-18 22:00:00,2024-04-18 22:59:59,30,37.875,-91.875,False,False,coverage_ineligible
37.8750000000034,-91.62500109646481,65.5,False,0.7,21,21,False,False,False,active_20240418,2024-04-18 22:00:00,2024-04-18 22:59:59,30,37.875,-91.625,True,False,coverage_ineligible
37.8750000000034,-91.37500110360884,65.0,False,0.7333333333333333,22,21,False,False,False,active_20240418,2024-04-18 22:00:00,2024-04-18 22:59:59,30,37.875,-91.375,False,False,coverage_ineligible
37.8750000000034,-91.12500111075286,59.0,False,0.5,12,11,False,False,False,active_20240418,2024-04-18 22:00:00,2024-04-18 22:59:59,30,37.875,-91.125,False,False,coverage_ineligible
37.8750000000034,-90.87500111789689,57.5,False,0.3333333333333333,3,1,False,False,False,active_20240418,2024-04-18 22:00:00,2024-04-18 22:59:59,30,37.875,-90.875,False,False,coverage_ineligible
37.8750000000034,-90.62500112504097,24.0,False,0.16666666666666666,0,0,False,False,False,active_20240418,2024-04-18 22:00:00,2024-04-18 22:59:59,30,37.875,-90.625,False,False,coverage_ineligible
37.8750000000034,-90.37500113218493,19.5,False,0.0,0,0,False,False,False,active_20240418,2024-04-18 22:00:00,2024-04-18 22:59:59,30,37.875,-90.375,False,False,coverage_ineligible
37.8750000000034,-90.12500113932896,15.0,False,0.0,0,0,False,False,False,active_20240418,2024-04-18 22:00:00,2024-04-18 22:59:59,30,37.875,-90.125,False,False,coverage_ineligible
37.8750000000034,-89.87500114647298,,False,0.0,0,0,False,False,False,active_20240418,2024-04-18 22:00:00,2024-04-18 22:59:59,30,37.875,-89.875,False,False,coverage_ineligible
37.8750000000034,-89.62500115361706,30.5,False,0.0,0,0,False,False,False,active_20240418,2024-04-18 22:00:00,2024-04-18 22:59:59,30,37.875,-89.625,False,False,coverage_ineligible
37.8750000000034,-89.37500116076103,27.0,False,0.0,0,0,False,False,False,active_20240418,2024-04-18 22:00:00,2024-04-18 22:59:59,30,37.875,-89.375,False,False,coverage_ineligible
37.8750000000034,-89.12500116790505,12.0,False,0.0,0,0,False,False,False,active_20240418,2024-04-18 22:00:00,2024-04-18 22:59:59,30,37.875,-89.125,False,False,coverage_ineligible
37.8750000000034,-88.87500117504902,23.5,False,0.0,0,0,False,False,False,active_20240418,2024-04-18 22:00:00,2024-04-18 22:59:59,30,37.875,-88.875,False,False,coverage_ineligible
37.8750000000034,-88.6250011821931,26.0,False,0.0,0,0,False,False,False,active_20240418,2024-04-18 22:00:00,2024-04-18 22:59:59,30,37.875,-88.625,False,False,coverage_ineligible
37.62500000000345,-91.87500108932073,61.0,False,0.3333333333333333,10,10,False,False,False,active_20240418,2024-04-18 22:00:00,2024-04-18 22:59:59,30,37.625,-91.875,False,False,coverage_ineligible
37.62500000000345,-91.62500109646481,68.5,True,0.8,18,17,True,True,True,active_20240418,2024-04-18 22:00:00,2024-04-18 22:59:59,30,37.625,-91.625,True,True,S1_H1
37.62500000000345,-91.37500110360884,64.5,False,0.5666666666666667,6,5,False,False,False,active_20240418,2024-04-18 22:00:00,2024-04-18 22:59:59,30,37.625,-91.375,True,False,coverage_ineligible
37.62500000000345,-91.12500111075286,24.5,False,0.3333333333333333,0,0,False,False,False,active_20240418,2024-04-18 22:00:00,2024-04-18 22:59:59,30,37.625,-91.125,False,False,coverage_ineligible
37.62500000000345,-90.87500111789689,22.0,False,0.03333333333333333,0,0,False,False,False,active_20240418,2024-04-18 22:00:00,2024-04-18 22:59:59,30,37.625,-90.875,False,False,coverage_ineligible
37.62500000000345,-90.62500112504097,15.0,False,0.0,0,0,False,False,False,active_20240418,2024-04-18 22:00:00,2024-04-18 22:59:59,30,37.625,-90.625,False,False,coverage_ineligible
37.62500000000345,-90.37500113218493,,False,0.0,0,0,False,False,False,active_20240418,2024-04-18 22:00:00,2024-04-18 22:59:59,30,37.625,-90.375,False,False,coverage_ineligible
37.62500000000345,-90.12500113932896,,False,0.0,0,0,False,False,False,active_20240418,2024-04-18 22:00:00,2024-04-18 22:59:59,30,37.625,-90.125,False,False,coverage_ineligible
37.62500000000345,-89.87500114647298,,False,0.0,0,0,False,False,False,active_20240418,2024-04-18 22:00:00,2024-04-18 22:59:59,30,37.625,-89.875,False,False,coverage_ineligible
37.62500000000345,-89.62500115361706,50.0,False,0.0,0,0,False,False,False,active_20240418,2024-04-18 22:00:00,2024-04-18 22:59:59,30,37.625,-89.625,False,False,coverage_ineligible
37.62500000000345,-89.37500116076103,41.5,False,0.0,0,0,False,False,False,active_20240418,2024-04-18 22:00:00,2024-04-18 22:59:59,30,37.625,-89.375,False,False,coverage_ineligible
37.62500000000345,-89.12500116790505,40.5,False,0.0,0,0,False,False,False,active_20240418,2024-04-18 22:00:00,2024-04-18 22:59:59,30,37.625,-89.125,False,False,coverage_ineligible
37.62500000000345,-88.87500117504902,52.5,False,0.0,0,0,False,False,False,active_20240418,2024-04-18 22:00:00,2024-04-18 22:59:59,30,37.625,-88.875,False,False,coverage_ineligible
37.62500000000345,-88.6250011821931,57.0,False,0.3,9,8,False,False,False,active_20240418,2024-04-18 22:00:00,2024-04-18 22:59:59,30,37.625,-88.625,False,False,coverage_ineligible
40.37500000000291,-91.87500108932073,,False,0.0,0,0,False,False,False,active_20240508,2024-05-08 21:00:00,2024-05-08 21:59:59,30,40.375,-91.875,False,False,coverage_ineligible
40.37500000000291,-91.62500109646481,,False,0.0,0,0,False,False,False,active_20240508,2024-05-08 21:00:00,2024-05-08 21:59:59,30,40.375,-91.625,False,False,coverage_ineligible
40.37500000000291,-91.37500110360884,,False,0.0,0,0,False,False,False,active_20240508,2024-05-08 21:00:00,2024-05-08 21:59:59,30,40.375,-91.375,False,False,coverage_ineligible
40.37500000000291,-91.12500111075286,,False,0.0,0,0,False,False,False,active_20240508,2024-05-08 21:00:00,2024-05-08 21:59:59,30,40.375,-91.125,False,False,coverage_ineligible
40.37500000000291,-90.87500111789689,15.5,False,0.0,0,0,False,False,False,active_20240508,2024-05-08 21:00:00,2024-05-08 21:59:59,30,40.375,-90.875,False,False,coverage_ineligible
40.37500000000291,-90.62500112504097,30.5,False,0.0,0,0,False,False,False,active_20240508,2024-05-08 21:00:00,2024-05-08 21:59:59,30,40.375,-90.625,False,False,coverage_ineligible
40.37500000000291,-90.37500113218493,9.5,False,0.0,0,0,False,False,False,active_20240508,2024-05-08 21:00:00,2024-05-08 21:59:59,30,40.375,-90.375,False,False,coverage_ineligible
40.37500000000291,-90.12500113932896,33.0,False,0.0,0,0,False,False,False,active_20240508,2024-05-08 21:00:00,2024-05-08 21:59:59,30,40.375,-90.125,False,False,coverage_ineligible
40.37500000000291,-89.87500114647298,24.0,False,0.0,0,0,False,False,False,active_20240508,2024-05-08 21:00:00,2024-05-08 21:59:59,30,40.375,-89.875,False,False,coverage_ineligible
40.37500000000291,-89.62500115361706,19.0,False,0.0,0,0,False,False,False,active_20240508,2024-05-08 21:00:00,2024-05-08 21:59:59,30,40.375,-89.625,False,False,coverage_ineligible
40.37500000000291,-89.37500116076103,19.0,False,0.0,0,0,False,False,False,active_20240508,2024-05-08 21:00:00,2024-05-08 21:59:59,30,40.375,-89.375,False,False,coverage_ineligible
40.37500000000291,-89.12500116790505,20.5,False,0.1,0,0,False,False,False,active_20240508,2024-05-08 21:00:00,2024-05-08 21:59:59,30,40.375,-89.125,False,False,coverage_ineligible
40.37500000000291,-88.87500117504902,12.0,False,0.0,0,0,False,False,False,active_20240508,2024-05-08 21:00:00,2024-05-08 21:59:59,30,40.375,-88.875,False,False,coverage_ineligible
40.37500000000291,-88.6250011821931,7.0,False,0.0,0,0,False,False,False,active_20240508,2024-05-08 21:00:00,2024-05-08 21:59:59,30,40.375,-88.625,False,False,coverage_ineligible
40.125000000002956,-91.87500108932073,,False,0.0,0,0,False,False,False,active_20240508,2024-05-08 21:00:00,2024-05-08 21:59:59,30,40.125,-91.875,False,False,coverage_ineligible
40.125000000002956,-91.62500109646481,21.0,False,0.0,0,0,False,False,False,active_20240508,2024-05-08 21:00:00,2024-05-08 21:59:59,30,40.125,-91.625,False,False,coverage_ineligible
40.125000000002956,-91.37500110360884,53.5,False,0.0,0,0,False,False,False,active_20240508,2024-05-08 21:00:00,2024-05-08 21:59:59,30,40.125,-91.375,False,False,coverage_ineligible
40.125000000002956,-91.12500111075286,45.5,False,0.0,0,0,False,False,False,active_20240508,2024-05-08 21:00:00,2024-05-08 21:59:59,30,40.125,-91.125,False,False,coverage_ineligible
40.125000000002956,-90.87500111789689,49.0,False,0.0,0,0,False,False,False,active_20240508,2024-05-08 21:00:00,2024-05-08 21:59:59,30,40.125,-90.875,False,False,coverage_ineligible
40.125000000002956,-90.62500112504097,53.0,False,0.0,0,0,False,False,False,active_20240508,2024-05-08 21:00:00,2024-05-08 21:59:59,30,40.125,-90.625,False,False,coverage_ineligible
40.125000000002956,-90.37500113218493,61.5,False,0.1,3,3,False,False,False,active_20240508,2024-05-08 21:00:00,2024-05-08 21:59:59,30,40.125,-90.375,False,False,coverage_ineligible
40.125000000002956,-90.12500113932896,55.0,False,0.43333333333333335,10,10,False,False,False,active_20240508,2024-05-08 21:00:00,2024-05-08 21:59:59,30,40.125,-90.125,False,False,coverage_ineligible
40.125000000002956,-89.87500114647298,47.5,False,0.5666666666666667,3,1,False,False,False,active_20240508,2024-05-08 21:00:00,2024-05-08 21:59:59,30,40.125,-89.875,False,False,coverage_ineligible
40.125000000002956,-89.62500115361706,50.0,False,0.5333333333333333,0,0,False,False,False,active_20240508,2024-05-08 21:00:00,2024-05-08 21:59:59,30,40.125,-89.625,False,False,coverage_ineligible
40.125000000002956,-89.37500116076103,53.5,False,0.4,0,0,False,False,False,active_20240508,2024-05-08 21:00:00,2024-05-08 21:59:59,30,40.125,-89.375,False,False,coverage_ineligible
40.125000000002956,-89.12500116790505,46.0,False,0.3,0,0,False,False,False,active_20240508,2024-05-08 21:00:00,2024-05-08 21:59:59,30,40.125,-89.125,False,False,coverage_ineligible
40.125000000002956,-88.87500117504902,31.5,False,0.03333333333333333,0,0,False,False,False,active_20240508,2024-05-08 21:00:00,2024-05-08 21:59:59,30,40.125,-88.875,False,False,coverage_ineligible
40.125000000002956,-88.6250011821931,17.0,False,0.0,0,0,False,False,False,active_20240508,2024-05-08 21:00:00,2024-05-08 21:59:59,30,40.125,-88.625,False,False,coverage_ineligible
39.875000000003006,-91.87500108932073,28.0,False,0.0,0,0,False,False,False,active_20240508,2024-05-08 21:00:00,2024-05-08 21:59:59,30,39.875,-91.875,False,False,coverage_ineligible
39.875000000003006,-91.62500109646481,60.0,False,0.0,0,0,False,False,False,active_20240508,2024-05-08 21:00:00,2024-05-08 21:59:59,30,39.875,-91.625,False,False,coverage_ineligible
39.875000000003006,-91.37500110360884,57.5,False,0.5,15,15,False,False,False,active_20240508,2024-05-08 21:00:00,2024-05-08 21:59:59,30,39.875,-91.375,False,False,coverage_ineligible
39.875000000003006,-91.12500111075286,58.0,False,0.43333333333333335,13,13,False,False,False,active_20240508,2024-05-08 21:00:00,2024-05-08 21:59:59,30,39.875,-91.125,False,False,coverage_ineligible
39.875000000003006,-90.87500111789689,62.0,False,0.3333333333333333,10,8,False,False,False,active_20240508,2024-05-08 21:00:00,2024-05-08 21:59:59,30,39.875,-90.875,False,False,coverage_ineligible
39.875000000003006,-90.62500112504097,61.0,False,0.4666666666666667,14,13,False,False,False,active_20240508,2024-05-08 21:00:00,2024-05-08 21:59:59,30,39.875,-90.625,False,False,coverage_ineligible
39.875000000003006,-90.37500113218493,61.5,False,0.6666666666666666,12,10,False,False,False,active_20240508,2024-05-08 21:00:00,2024-05-08 21:59:59,30,39.875,-90.375,False,False,coverage_ineligible
39.875000000003006,-90.12500113932896,49.0,True,0.8666666666666667,16,11,True,True,True,active_20240508,2024-05-08 21:00:00,2024-05-08 21:59:59,30,39.875,-90.125,False,True,S1_H0
39.875000000003006,-89.87500114647298,45.5,True,0.9333333333333333,15,8,True,True,False,active_20240508,2024-05-08 21:00:00,2024-05-08 21:59:59,30,39.875,-89.875,False,True,S1_H0
39.875000000003006,-89.62500115361706,43.5,True,0.9333333333333333,8,6,True,True,False,active_20240508,2024-05-08 21:00:00,2024-05-08 21:59:59,30,39.875,-89.625,False,True,S1_H0
39.875000000003006,-89.37500116076103,39.5,True,1.0,10,5,True,True,False,active_20240508,2024-05-08 21:00:00,2024-05-08 21:59:59,30,39.875,-89.375,False,True,S1_H0
39.875000000003006,-89.12500116790505,42.0,True,1.0,0,0,False,False,False,active_20240508,2024-05-08 21:00:00,2024-05-08 21:59:59,30,39.875,-89.125,False,False,S0_H0
39.875000000003006,-88.87500117504902,41.0,True,1.0,0,0,False,False,False,active_20240508,2024-05-08 21:00:00,2024-05-08 21:59:59,30,39.875,-88.875,False,False,S0_H0
39.875000000003006,-88.6250011821931,29.0,True,1.0,0,0,False,False,False,active_20240508,2024-05-08 21:00:00,2024-05-08 21:59:59,30,39.875,-88.625,False,False,S0_H0
39.62500000000305,-91.87500108932073,60.5,False,0.36666666666666664,10,9,False,False,False,active_20240508,2024-05-08 21:00:00,2024-05-08 21:59:59,30,39.625,-91.875,False,False,coverage_ineligible
39.62500000000305,-91.62500109646481,62.5,False,0.4666666666666667,14,14,False,False,False,active_20240508,2024-05-08 21:00:00,2024-05-08 21:59:59,30,39.625,-91.625,False,False,coverage_ineligible
39.62500000000305,-91.37500110360884,56.0,False,0.6666666666666666,20,18,False,False,False,active_20240508,2024-05-08 21:00:00,2024-05-08 21:59:59,30,39.625,-91.375,False,False,coverage_ineligible
39.62500000000305,-91.12500111075286,54.0,False,0.6,11,10,False,False,False,active_20240508,2024-05-08 21:00:00,2024-05-08 21:59:59,30,39.625,-91.125,False,False,coverage_ineligible
39.62500000000305,-90.87500111789689,60.5,False,0.4666666666666667,12,11,False,False,False,active_20240508,2024-05-08 21:00:00,2024-05-08 21:59:59,30,39.625,-90.875,False,False,coverage_ineligible
39.62500000000305,-90.62500112504097,57.5,False,0.6,18,18,False,False,False,active_20240508,2024-05-08 21:00:00,2024-05-08 21:59:59,30,39.625,-90.625,False,False,coverage_ineligible
39.62500000000305,-90.37500113218493,53.0,False,0.6333333333333333,17,15,False,False,False,active_20240508,2024-05-08 21:00:00,2024-05-08 21:59:59,30,39.625,-90.375,False,False,coverage_ineligible
39.62500000000305,-90.12500113932896,54.5,True,0.8333333333333334,21,16,True,True,True,active_20240508,2024-05-08 21:00:00,2024-05-08 21:59:59,30,39.625,-90.125,False,True,S1_H0
39.62500000000305,-89.87500114647298,48.0,True,1.0,22,17,True,True,True,active_20240508,2024-05-08 21:00:00,2024-05-08 21:59:59,30,39.625,-89.875,False,True,S1_H0
39.62500000000305,-89.62500115361706,49.5,False,0.5333333333333333,14,10,False,False,False,active_20240508,2024-05-08 21:00:00,2024-05-08 21:59:59,30,39.625,-89.625,False,False,coverage_ineligible
39.62500000000305,-89.37500116076103,48.5,False,0.5666666666666667,10,3,False,False,False,active_20240508,2024-05-08 21:00:00,2024-05-08 21:59:59,30,39.625,-89.375,False,False,coverage_ineligible
39.62500000000305,-89.12500116790505,43.5,False,0.6666666666666666,15,8,False,False,False,active_20240508,2024-05-08 21:00:00,2024-05-08 21:59:59,30,39.625,-89.125,False,False,coverage_ineligible
39.62500000000305,-88.87500117504902,42.5,True,0.8333333333333334,13,12,True,True,True,active_20240508,2024-05-08 21:00:00,2024-05-08 21:59:59,30,39.625,-88.875,False,True,S1_H0
39.62500000000305,-88.6250011821931,41.0,True,0.8333333333333334,11,6,True,True,False,active_20240508,2024-05-08 21:00:00,2024-05-08 21:59:59,30,39.625,-88.625,False,True,S1_H0
39.37500000000311,-91.87500108932073,61.0,False,0.26666666666666666,8,8,False,False,False,active_20240508,2024-05-08 21:00:00,2024-05-08 21:59:59,30,39.375,-91.875,False,False,coverage_ineligible
39.37500000000311,-91.62500109646481,56.5,False,0.5666666666666667,5,5,False,False,False,active_20240508,2024-05-08 21:00:00,2024-05-08 21:59:59,30,39.375,-91.625,False,False,coverage_ineligible
39.37500000000311,-91.37500110360884,56.0,False,0.7,11,5,False,False,False,active_20240508,2024-05-08 21:00:00,2024-05-08 21:59:59,30,39.375,-91.375,False,False,coverage_ineligible
39.37500000000311,-91.12500111075286,56.0,False,0.7333333333333333,13,9,False,False,False,active_20240508,2024-05-08 21:00:00,2024-05-08 21:59:59,30,39.375,-91.125,False,False,coverage_ineligible
39.37500000000311,-90.87500111789689,55.5,False,0.6333333333333333,10,7,False,False,False,active_20240508,2024-05-08 21:00:00,2024-05-08 21:59:59,30,39.375,-90.875,False,False,coverage_ineligible
39.37500000000311,-90.62500112504097,49.5,False,0.26666666666666666,0,0,False,False,False,active_20240508,2024-05-08 21:00:00,2024-05-08 21:59:59,30,39.375,-90.625,False,False,coverage_ineligible
39.37500000000311,-90.37500113218493,45.0,False,0.13333333333333333,0,0,False,False,False,active_20240508,2024-05-08 21:00:00,2024-05-08 21:59:59,30,39.375,-90.375,False,False,coverage_ineligible
39.37500000000311,-90.12500113932896,48.0,False,0.0,0,0,False,False,False,active_20240508,2024-05-08 21:00:00,2024-05-08 21:59:59,30,39.375,-90.125,False,False,coverage_ineligible
39.37500000000311,-89.87500114647298,56.0,False,0.26666666666666666,5,3,False,False,False,active_20240508,2024-05-08 21:00:00,2024-05-08 21:59:59,30,39.375,-89.875,False,False,coverage_ineligible
39.37500000000311,-89.62500115361706,57.5,False,0.23333333333333334,7,7,False,False,False,active_20240508,2024-05-08 21:00:00,2024-05-08 21:59:59,30,39.375,-89.625,False,False,coverage_ineligible
39.37500000000311,-89.37500116076103,39.0,False,0.3,0,0,False,False,False,active_20240508,2024-05-08 21:00:00,2024-05-08 21:59:59,30,39.375,-89.375,False,False,coverage_ineligible
39.37500000000311,-89.12500116790505,42.0,False,0.4666666666666667,6,5,False,False,False,active_20240508,2024-05-08 21:00:00,2024-05-08 21:59:59,30,39.375,-89.125,False,False,coverage_ineligible
39.37500000000311,-88.87500117504902,40.0,False,0.6666666666666666,3,0,False,False,False,active_20240508,2024-05-08 21:00:00,2024-05-08 21:59:59,30,39.375,-88.875,False,False,coverage_ineligible
39.37500000000311,-88.6250011821931,43.5,True,0.8666666666666667,0,0,False,False,False,active_20240508,2024-05-08 21:00:00,2024-05-08 21:59:59,30,39.375,-88.625,False,False,S0_H0
39.125000000003155,-91.87500108932073,53.5,False,0.26666666666666666,8,5,False,False,False,active_20240508,2024-05-08 21:00:00,2024-05-08 21:59:59,30,39.125,-91.875,False,False,coverage_ineligible
39.125000000003155,-91.62500109646481,59.5,True,0.9666666666666667,9,9,True,True,False,active_20240508,2024-05-08 21:00:00,2024-05-08 21:59:59,30,39.125,-91.625,False,True,S1_H0
39.125000000003155,-91.37500110360884,58.0,True,1.0,9,7,True,True,False,active_20240508,2024-05-08 21:00:00,2024-05-08 21:59:59,30,39.125,-91.375,False,True,S1_H0
39.125000000003155,-91.12500111075286,52.0,False,0.6,4,2,False,False,False,active_20240508,2024-05-08 21:00:00,2024-05-08 21:59:59,30,39.125,-91.125,False,False,coverage_ineligible
39.125000000003155,-90.87500111789689,28.5,False,0.36666666666666664,0,0,False,False,False,active_20240508,2024-05-08 21:00:00,2024-05-08 21:59:59,30,39.125,-90.875,False,False,coverage_ineligible
39.125000000003155,-90.62500112504097,33.0,False,0.1,0,0,False,False,False,active_20240508,2024-05-08 21:00:00,2024-05-08 21:59:59,30,39.125,-90.625,False,False,coverage_ineligible
39.125000000003155,-90.37500113218493,55.0,False,0.0,0,0,False,False,False,active_20240508,2024-05-08 21:00:00,2024-05-08 21:59:59,30,39.125,-90.375,False,False,coverage_ineligible
39.125000000003155,-90.12500113932896,57.0,False,0.36666666666666664,11,11,False,False,False,active_20240508,2024-05-08 21:00:00,2024-05-08 21:59:59,30,39.125,-90.125,False,False,coverage_ineligible
39.125000000003155,-89.87500114647298,58.5,False,0.5,6,5,False,False,False,active_20240508,2024-05-08 21:00:00,2024-05-08 21:59:59,30,39.125,-89.875,False,False,coverage_ineligible
39.125000000003155,-89.62500115361706,39.5,False,0.4,0,0,False,False,False,active_20240508,2024-05-08 21:00:00,2024-05-08 21:59:59,30,39.125,-89.625,False,False,coverage_ineligible
39.125000000003155,-89.37500116076103,35.0,False,0.3333333333333333,0,0,False,False,False,active_20240508,2024-05-08 21:00:00,2024-05-08 21:59:59,30,39.125,-89.375,False,False,coverage_ineligible
39.125000000003155,-89.12500116790505,27.5,False,0.23333333333333334,0,0,False,False,False,active_20240508,2024-05-08 21:00:00,2024-05-08 21:59:59,30,39.125,-89.125,False,False,coverage_ineligible
39.125000000003155,-88.87500117504902,31.0,False,0.4,0,0,False,False,False,active_20240508,2024-05-08 21:00:00,2024-05-08 21:59:59,30,39.125,-88.875,False,False,coverage_ineligible
39.125000000003155,-88.6250011821931,25.0,False,0.7,0,0,False,False,False,active_20240508,2024-05-08 21:00:00,2024-05-08 21:59:59,30,39.125,-88.625,False,False,coverage_ineligible
38.875000000003205,-91.87500108932073,50.0,True,0.8333333333333334,8,3,True,False,False,active_20240508,2024-05-08 21:00:00,2024-05-08 21:59:59,30,38.875,-91.875,False,False,S0_H0
38.875000000003205,-91.62500109646481,57.0,True,1.0,13,10,True,True,True,active_20240508,2024-05-08 21:00:00,2024-05-08 21:59:59,30,38.875,-91.625,False,True,S1_H0
38.875000000003205,-91.37500110360884,56.5,True,0.8666666666666667,13,13,True,True,True,active_20240508,2024-05-08 21:00:00,2024-05-08 21:59:59,30,38.875,-91.375,False,True,S1_H0
38.875000000003205,-91.12500111075286,57.5,False,0.6666666666666666,7,6,False,False,False,active_20240508,2024-05-08 21:00:00,2024-05-08 21:59:59,30,38.875,-91.125,False,False,coverage_ineligible
38.875000000003205,-90.87500111789689,62.0,False,0.5333333333333333,16,14,False,False,False,active_20240508,2024-05-08 21:00:00,2024-05-08 21:59:59,30,38.875,-90.875,False,False,coverage_ineligible
38.875000000003205,-90.62500112504097,59.5,False,0.7333333333333333,22,22,False,False,False,active_20240508,2024-05-08 21:00:00,2024-05-08 21:59:59,30,38.875,-90.625,False,False,coverage_ineligible
38.875000000003205,-90.37500113218493,59.5,True,1.0,30,29,True,True,True,active_20240508,2024-05-08 21:00:00,2024-05-08 21:59:59,30,38.875,-90.375,False,True,S1_H0
38.875000000003205,-90.12500113932896,59.5,True,1.0,19,19,True,True,True,active_20240508,2024-05-08 21:00:00,2024-05-08 21:59:59,30,38.875,-90.125,False,True,S1_H0
38.875000000003205,-89.87500114647298,59.5,False,0.5333333333333333,9,8,False,False,False,active_20240508,2024-05-08 21:00:00,2024-05-08 21:59:59,30,38.875,-89.875,False,False,coverage_ineligible
38.875000000003205,-89.62500115361706,35.5,False,0.0,0,0,False,False,False,active_20240508,2024-05-08 21:00:00,2024-05-08 21:59:59,30,38.875,-89.625,False,False,coverage_ineligible
38.875000000003205,-89.37500116076103,25.0,False,0.0,0,0,False,False,False,active_20240508,2024-05-08 21:00:00,2024-05-08 21:59:59,30,38.875,-89.375,False,False,coverage_ineligible
38.875000000003205,-89.12500116790505,22.5,False,0.2,0,0,False,False,False,active_20240508,2024-05-08 21:00:00,2024-05-08 21:59:59,30,38.875,-89.125,False,False,coverage_ineligible
38.875000000003205,-88.87500117504902,25.5,False,0.7333333333333333,0,0,False,False,False,active_20240508,2024-05-08 21:00:00,2024-05-08 21:59:59,30,38.875,-88.875,False,False,coverage_ineligible
38.875000000003205,-88.6250011821931,38.5,True,1.0,1,0,False,False,False,active_20240508,2024-05-08 21:00:00,2024-05-08 21:59:59,30,38.875,-88.625,False,False,S0_H0
38.625000000003254,-91.87500108932073,52.5,True,1.0,23,17,True,True,True,active_20240508,2024-05-08 21:00:00,2024-05-08 21:59:59,30,38.625,-91.875,False,True,S1_H0
38.625000000003254,-91.62500109646481,55.0,True,1.0,19,10,True,True,True,active_20240508,2024-05-08 21:00:00,2024-05-08 21:59:59,30,38.625,-91.625,False,True,S1_H0
38.625000000003254,-91.37500110360884,55.5,True,1.0,6,3,True,False,False,active_20240508,2024-05-08 21:00:00,2024-05-08 21:59:59,30,38.625,-91.375,False,False,S0_H0
38.625000000003254,-91.12500111075286,56.5,True,0.9,27,26,True,True,True,active_20240508,2024-05-08 21:00:00,2024-05-08 21:59:59,30,38.625,-91.125,False,True,S1_H0
38.625000000003254,-90.87500111789689,63.5,True,1.0,30,30,True,True,True,active_20240508,2024-05-08 21:00:00,2024-05-08 21:59:59,30,38.625,-90.875,False,True,S1_H0
38.625000000003254,-90.62500112504097,60.5,True,0.8666666666666667,26,20,True,True,True,active_20240508,2024-05-08 21:00:00,2024-05-08 21:59:59,30,38.625,-90.625,False,True,S1_H0
38.625000000003254,-90.37500113218493,52.0,False,0.7666666666666667,10,1,False,False,False,active_20240508,2024-05-08 21:00:00,2024-05-08 21:59:59,30,38.625,-90.375,False,False,coverage_ineligible
38.625000000003254,-90.12500113932896,45.5,False,0.4666666666666667,1,0,False,False,False,active_20240508,2024-05-08 21:00:00,2024-05-08 21:59:59,30,38.625,-90.125,False,False,coverage_ineligible
38.625000000003254,-89.87500114647298,31.0,False,0.0,0,0,False,False,False,active_20240508,2024-05-08 21:00:00,2024-05-08 21:59:59,30,38.625,-89.875,False,False,coverage_ineligible
38.625000000003254,-89.62500115361706,42.0,False,0.0,0,0,False,False,False,active_20240508,2024-05-08 21:00:00,2024-05-08 21:59:59,30,38.625,-89.625,False,False,coverage_ineligible
38.625000000003254,-89.37500116076103,41.5,False,0.4,0,0,False,False,False,active_20240508,2024-05-08 21:00:00,2024-05-08 21:59:59,30,38.625,-89.375,False,False,coverage_ineligible
38.625000000003254,-89.12500116790505,37.0,False,0.7,0,0,False,False,False,active_20240508,2024-05-08 21:00:00,2024-05-08 21:59:59,30,38.625,-89.125,False,False,coverage_ineligible
38.625000000003254,-88.87500117504902,37.5,True,1.0,0,0,False,False,False,active_20240508,2024-05-08 21:00:00,2024-05-08 21:59:59,30,38.625,-88.875,False,False,S0_H0
38.625000000003254,-88.6250011821931,37.5,True,1.0,1,0,False,False,False,active_20240508,2024-05-08 21:00:00,2024-05-08 21:59:59,30,38.625,-88.625,False,False,S0_H0
38.375000000003304,-91.87500108932073,51.0,True,1.0,12,11,True,True,True,active_20240508,2024-05-08 21:00:00,2024-05-08 21:59:59,30,38.375,-91.875,False,True,S1_H0
38.375000000003304,-91.62500109646481,46.0,True,1.0,6,4,True,False,False,active_20240508,2024-05-08 21:00:00,2024-05-08 21:59:59,30,38.375,-91.625,False,False,S0_H0
38.375000000003304,-91.37500110360884,50.0,True,1.0,1,0,False,False,False,active_20240508,2024-05-08 21:00:00,2024-05-08 21:59:59,30,38.375,-91.375,False,False,S0_H0
38.375000000003304,-91.12500111075286,57.5,True,1.0,16,11,True,True,True,active_20240508,2024-05-08 21:00:00,2024-05-08 21:59:59,30,38.375,-91.125,False,True,S1_H0
38.375000000003304,-90.87500111789689,56.0,True,1.0,21,15,True,True,True,active_20240508,2024-05-08 21:00:00,2024-05-08 21:59:59,30,38.375,-90.875,False,True,S1_H0
38.375000000003304,-90.62500112504097,56.0,False,0.7666666666666667,11,9,False,False,False,active_20240508,2024-05-08 21:00:00,2024-05-08 21:59:59,30,38.375,-90.625,False,False,coverage_ineligible
38.375000000003304,-90.37500113218493,61.5,False,0.3333333333333333,10,10,False,False,False,active_20240508,2024-05-08 21:00:00,2024-05-08 21:59:59,30,38.375,-90.375,False,False,coverage_ineligible
38.375000000003304,-90.12500113932896,60.5,False,0.13333333333333333,4,4,False,False,False,active_20240508,2024-05-08 21:00:00,2024-05-08 21:59:59,30,38.375,-90.125,False,False,coverage_ineligible
38.375000000003304,-89.87500114647298,43.0,False,0.0,0,0,False,False,False,active_20240508,2024-05-08 21:00:00,2024-05-08 21:59:59,30,38.375,-89.875,False,False,coverage_ineligible
38.375000000003304,-89.62500115361706,45.0,False,0.3,0,0,False,False,False,active_20240508,2024-05-08 21:00:00,2024-05-08 21:59:59,30,38.375,-89.625,False,False,coverage_ineligible
38.375000000003304,-89.37500116076103,47.5,False,0.5666666666666667,2,0,False,False,False,active_20240508,2024-05-08 21:00:00,2024-05-08 21:59:59,30,38.375,-89.375,False,False,coverage_ineligible
38.375000000003304,-89.12500116790505,37.0,True,0.8666666666666667,0,0,False,False,False,active_20240508,2024-05-08 21:00:00,2024-05-08 21:59:59,30,38.375,-89.125,False,False,S0_H0
38.375000000003304,-88.87500117504902,36.5,True,1.0,0,0,False,False,False,active_20240508,2024-05-08 21:00:00,2024-05-08 21:59:59,30,38.375,-88.875,False,False,S0_H0
38.375000000003304,-88.6250011821931,36.5,True,1.0,0,0,False,False,False,active_20240508,2024-05-08 21:00:00,2024-05-08 21:59:59,30,38.375,-88.625,False,False,S0_H0
38.125000000003354,-91.87500108932073,60.0,True,1.0,25,25,True,True,True,active_20240508,2024-05-08 21:00:00,2024-05-08 21:59:59,30,38.125,-91.875,False,True,S1_H0
38.125000000003354,-91.62500109646481,59.5,True,1.0,27,24,True,True,True,active_20240508,2024-05-08 21:00:00,2024-05-08 21:59:59,30,38.125,-91.625,False,True,S1_H0
38.125000000003354,-91.37500110360884,63.5,True,1.0,28,26,True,True,True,active_20240508,2024-05-08 21:00:00,2024-05-08 21:59:59,30,38.125,-91.375,False,True,S1_H0
38.125000000003354,-91.12500111075286,58.5,True,1.0,17,14,True,True,True,active_20240508,2024-05-08 21:00:00,2024-05-08 21:59:59,30,38.125,-91.125,False,True,S1_H0
38.125000000003354,-90.87500111789689,53.0,False,0.7666666666666667,8,4,False,False,False,active_20240508,2024-05-08 21:00:00,2024-05-08 21:59:59,30,38.125,-90.875,False,False,coverage_ineligible
38.125000000003354,-90.62500112504097,60.5,False,0.36666666666666664,11,8,False,False,False,active_20240508,2024-05-08 21:00:00,2024-05-08 21:59:59,30,38.125,-90.625,False,False,coverage_ineligible
38.125000000003354,-90.37500113218493,57.5,False,0.0,0,0,False,False,False,active_20240508,2024-05-08 21:00:00,2024-05-08 21:59:59,30,38.125,-90.375,False,False,coverage_ineligible
38.125000000003354,-90.12500113932896,25.0,False,0.0,0,0,False,False,False,active_20240508,2024-05-08 21:00:00,2024-05-08 21:59:59,30,38.125,-90.125,False,False,coverage_ineligible
38.125000000003354,-89.87500114647298,21.0,False,0.0,0,0,False,False,False,active_20240508,2024-05-08 21:00:00,2024-05-08 21:59:59,30,38.125,-89.875,False,False,coverage_ineligible
38.125000000003354,-89.62500115361706,29.0,False,0.3,0,0,False,False,False,active_20240508,2024-05-08 21:00:00,2024-05-08 21:59:59,30,38.125,-89.625,False,False,coverage_ineligible
38.125000000003354,-89.37500116076103,38.5,False,0.6,0,0,False,False,False,active_20240508,2024-05-08 21:00:00,2024-05-08 21:59:59,30,38.125,-89.375,False,False,coverage_ineligible
38.125000000003354,-89.12500116790505,50.5,True,0.9666666666666667,7,6,True,True,False,active_20240508,2024-05-08 21:00:00,2024-05-08 21:59:59,30,38.125,-89.125,False,True,S1_H0
38.125000000003354,-88.87500117504902,52.0,True,1.0,19,15,True,True,True,active_20240508,2024-05-08 21:00:00,2024-05-08 21:59:59,30,38.125,-88.875,False,True,S1_H0
38.125000000003354,-88.6250011821931,46.0,True,1.0,14,6,True,True,False,active_20240508,2024-05-08 21:00:00,2024-05-08 21:59:59,30,38.125,-88.625,False,True,S1_H0
37.8750000000034,-91.87500108932073,65.0,True,1.0,24,20,True,True,True,active_20240508,2024-05-08 21:00:00,2024-05-08 21:59:59,30,37.875,-91.875,True,True,S1_H1
37.8750000000034,-91.62500109646481,69.0,True,1.0,26,24,True,True,True,active_20240508,2024-05-08 21:00:00,2024-05-08 21:59:59,30,37.875,-91.625,True,True,S1_H1
37.8750000000034,-91.37500110360884,61.5,True,0.9333333333333333,17,17,True,True,True,active_20240508,2024-05-08 21:00:00,2024-05-08 21:59:59,30,37.875,-91.375,False,True,S1_H0
37.8750000000034,-91.12500111075286,61.0,False,0.6333333333333333,11,10,False,False,False,active_20240508,2024-05-08 21:00:00,2024-05-08 21:59:59,30,37.875,-91.125,False,False,coverage_ineligible
37.8750000000034,-90.87500111789689,53.0,False,0.3,2,1,False,False,False,active_20240508,2024-05-08 21:00:00,2024-05-08 21:59:59,30,37.875,-90.875,False,False,coverage_ineligible
37.8750000000034,-90.62500112504097,32.5,False,0.03333333333333333,0,0,False,False,False,active_20240508,2024-05-08 21:00:00,2024-05-08 21:59:59,30,37.875,-90.625,False,False,coverage_ineligible
37.8750000000034,-90.37500113218493,12.5,False,0.0,0,0,False,False,False,active_20240508,2024-05-08 21:00:00,2024-05-08 21:59:59,30,37.875,-90.375,False,False,coverage_ineligible
37.8750000000034,-90.12500113932896,,False,0.0,0,0,False,False,False,active_20240508,2024-05-08 21:00:00,2024-05-08 21:59:59,30,37.875,-90.125,False,False,coverage_ineligible
37.8750000000034,-89.87500114647298,53.0,False,0.0,0,0,False,False,False,active_20240508,2024-05-08 21:00:00,2024-05-08 21:59:59,30,37.875,-89.875,False,False,coverage_ineligible
37.8750000000034,-89.62500115361706,54.5,False,0.36666666666666664,10,10,False,False,False,active_20240508,2024-05-08 21:00:00,2024-05-08 21:59:59,30,37.875,-89.625,False,False,coverage_ineligible
37.8750000000034,-89.37500116076103,51.5,False,0.6,15,13,False,False,False,active_20240508,2024-05-08 21:00:00,2024-05-08 21:59:59,30,37.875,-89.375,False,False,coverage_ineligible
37.8750000000034,-89.12500116790505,59.0,True,0.8666666666666667,24,22,True,True,True,active_20240508,2024-05-08 21:00:00,2024-05-08 21:59:59,30,37.875,-89.125,False,True,S1_H0
37.8750000000034,-88.87500117504902,59.5,True,1.0,30,29,True,True,True,active_20240508,2024-05-08 21:00:00,2024-05-08 21:59:59,30,37.875,-88.875,False,True,S1_H0
37.8750000000034,-88.6250011821931,62.0,True,1.0,30,30,True,True,True,active_20240508,2024-05-08 21:00:00,2024-05-08 21:59:59,30,37.875,-88.625,False,True,S1_H0
37.62500000000345,-91.87500108932073,61.5,True,1.0,30,30,True,True,True,active_20240508,2024-05-08 21:00:00,2024-05-08 21:59:59,30,37.625,-91.875,True,True,S1_H1
37.62500000000345,-91.62500109646481,61.0,True,1.0,30,26,True,True,True,active_20240508,2024-05-08 21:00:00,2024-05-08 21:59:59,30,37.625,-91.625,False,True,S1_H0
37.62500000000345,-91.37500110360884,58.0,True,0.8,8,6,True,True,False,active_20240508,2024-05-08 21:00:00,2024-05-08 21:59:59,30,37.625,-91.375,False,True,S1_H0
37.62500000000345,-91.12500111075286,34.5,False,0.26666666666666666,0,0,False,False,False,active_20240508,2024-05-08 21:00:00,2024-05-08 21:59:59,30,37.625,-91.125,False,False,coverage_ineligible
37.62500000000345,-90.87500111789689,21.0,False,0.0,0,0,False,False,False,active_20240508,2024-05-08 21:00:00,2024-05-08 21:59:59,30,37.625,-90.875,False,False,coverage_ineligible
37.62500000000345,-90.62500112504097,15.0,False,0.0,0,0,False,False,False,active_20240508,2024-05-08 21:00:00,2024-05-08 21:59:59,30,37.625,-90.625,False,False,coverage_ineligible
37.62500000000345,-90.37500113218493,29.5,False,0.0,0,0,False,False,False,active_20240508,2024-05-08 21:00:00,2024-05-08 21:59:59,30,37.625,-90.375,False,False,coverage_ineligible
37.62500000000345,-90.12500113932896,26.5,False,0.0,0,0,False,False,False,active_20240508,2024-05-08 21:00:00,2024-05-08 21:59:59,30,37.625,-90.125,False,False,coverage_ineligible
37.62500000000345,-89.87500114647298,58.5,False,0.0,0,0,False,False,False,active_20240508,2024-05-08 21:00:00,2024-05-08 21:59:59,30,37.625,-89.875,False,False,coverage_ineligible
37.62500000000345,-89.62500115361706,56.0,False,0.3333333333333333,9,8,False,False,False,active_20240508,2024-05-08 21:00:00,2024-05-08 21:59:59,30,37.625,-89.625,False,False,coverage_ineligible
37.62500000000345,-89.37500116076103,58.0,False,0.5333333333333333,16,16,False,False,False,active_20240508,2024-05-08 21:00:00,2024-05-08 21:59:59,30,37.625,-89.375,False,False,coverage_ineligible
37.62500000000345,-89.12500116790505,60.0,False,0.7666666666666667,23,23,False,False,False,active_20240508,2024-05-08 21:00:00,2024-05-08 21:59:59,30,37.625,-89.125,False,False,coverage_ineligible
37.62500000000345,-88.87500117504902,59.0,True,1.0,30,30,True,True,True,active_20240508,2024-05-08 21:00:00,2024-05-08 21:59:59,30,37.625,-88.875,False,True,S1_H0
37.62500000000345,-88.6250011821931,65.5,True,1.0,30,30,True,True,True,active_20240508,2024-05-08 21:00:00,2024-05-08 21:59:59,30,37.625,-88.625,True,True,S1_H1
40.37500000000291,-91.87500108932073,,False,0.0,0,0,False,False,False,active_20240526,2024-05-26 22:00:00,2024-05-26 22:59:59,30,40.375,-91.875,False,False,coverage_ineligible
40.37500000000291,-91.62500109646481,,False,0.0,0,0,False,False,False,active_20240526,2024-05-26 22:00:00,2024-05-26 22:59:59,30,40.375,-91.625,False,False,coverage_ineligible
40.37500000000291,-91.37500110360884,,False,0.0,0,0,False,False,False,active_20240526,2024-05-26 22:00:00,2024-05-26 22:59:59,30,40.375,-91.375,False,False,coverage_ineligible
40.37500000000291,-91.12500111075286,,False,0.0,0,0,False,False,False,active_20240526,2024-05-26 22:00:00,2024-05-26 22:59:59,30,40.375,-91.125,False,False,coverage_ineligible
40.37500000000291,-90.87500111789689,,False,0.0,0,0,False,False,False,active_20240526,2024-05-26 22:00:00,2024-05-26 22:59:59,30,40.375,-90.875,False,False,coverage_ineligible
40.37500000000291,-90.62500112504097,20.0,False,0.0,0,0,False,False,False,active_20240526,2024-05-26 22:00:00,2024-05-26 22:59:59,30,40.375,-90.625,False,False,coverage_ineligible
40.37500000000291,-90.37500113218493,31.5,False,0.0,0,0,False,False,False,active_20240526,2024-05-26 22:00:00,2024-05-26 22:59:59,30,40.375,-90.375,False,False,coverage_ineligible
40.37500000000291,-90.12500113932896,,False,0.0,0,0,False,False,False,active_20240526,2024-05-26 22:00:00,2024-05-26 22:59:59,30,40.375,-90.125,False,False,coverage_ineligible
40.37500000000291,-89.87500114647298,11.0,False,0.0,0,0,False,False,False,active_20240526,2024-05-26 22:00:00,2024-05-26 22:59:59,30,40.375,-89.875,False,False,coverage_ineligible
40.37500000000291,-89.62500115361706,7.0,False,0.0,0,0,False,False,False,active_20240526,2024-05-26 22:00:00,2024-05-26 22:59:59,30,40.375,-89.625,False,False,coverage_ineligible
40.37500000000291,-89.37500116076103,5.0,False,0.0,0,0,False,False,False,active_20240526,2024-05-26 22:00:00,2024-05-26 22:59:59,30,40.375,-89.375,False,False,coverage_ineligible
40.37500000000291,-89.12500116790505,5.5,False,0.0,0,0,False,False,False,active_20240526,2024-05-26 22:00:00,2024-05-26 22:59:59,30,40.375,-89.125,False,False,coverage_ineligible
40.37500000000291,-88.87500117504902,18.0,False,0.0,0,0,False,False,False,active_20240526,2024-05-26 22:00:00,2024-05-26 22:59:59,30,40.375,-88.875,False,False,coverage_ineligible
40.37500000000291,-88.6250011821931,,False,0.0,0,0,False,False,False,active_20240526,2024-05-26 22:00:00,2024-05-26 22:59:59,30,40.375,-88.625,False,False,coverage_ineligible
40.125000000002956,-91.87500108932073,,False,0.0,0,0,False,False,False,active_20240526,2024-05-26 22:00:00,2024-05-26 22:59:59,30,40.125,-91.875,False,False,coverage_ineligible
40.125000000002956,-91.62500109646481,,False,0.0,0,0,False,False,False,active_20240526,2024-05-26 22:00:00,2024-05-26 22:59:59,30,40.125,-91.625,False,False,coverage_ineligible
40.125000000002956,-91.37500110360884,,False,0.0,0,0,False,False,False,active_20240526,2024-05-26 22:00:00,2024-05-26 22:59:59,30,40.125,-91.375,False,False,coverage_ineligible
40.125000000002956,-91.12500111075286,,False,0.0,0,0,False,False,False,active_20240526,2024-05-26 22:00:00,2024-05-26 22:59:59,30,40.125,-91.125,False,False,coverage_ineligible
40.125000000002956,-90.87500111789689,,False,0.0,0,0,False,False,False,active_20240526,2024-05-26 22:00:00,2024-05-26 22:59:59,30,40.125,-90.875,False,False,coverage_ineligible
40.125000000002956,-90.62500112504097,19.5,False,0.0,0,0,False,False,False,active_20240526,2024-05-26 22:00:00,2024-05-26 22:59:59,30,40.125,-90.625,False,False,coverage_ineligible
40.125000000002956,-90.37500113218493,27.5,False,0.0,0,0,False,False,False,active_20240526,2024-05-26 22:00:00,2024-05-26 22:59:59,30,40.125,-90.375,False,False,coverage_ineligible
40.125000000002956,-90.12500113932896,33.0,False,0.0,0,0,False,False,False,active_20240526,2024-05-26 22:00:00,2024-05-26 22:59:59,30,40.125,-90.125,False,False,coverage_ineligible
40.125000000002956,-89.87500114647298,12.5,False,0.0,0,0,False,False,False,active_20240526,2024-05-26 22:00:00,2024-05-26 22:59:59,30,40.125,-89.875,False,False,coverage_ineligible
40.125000000002956,-89.62500115361706,57.0,False,0.0,0,0,False,False,False,active_20240526,2024-05-26 22:00:00,2024-05-26 22:59:59,30,40.125,-89.625,False,False,coverage_ineligible
40.125000000002956,-89.37500116076103,59.5,False,0.0,0,0,False,False,False,active_20240526,2024-05-26 22:00:00,2024-05-26 22:59:59,30,40.125,-89.375,False,False,coverage_ineligible
40.125000000002956,-89.12500116790505,55.0,False,0.0,0,0,False,False,False,active_20240526,2024-05-26 22:00:00,2024-05-26 22:59:59,30,40.125,-89.125,False,False,coverage_ineligible
40.125000000002956,-88.87500117504902,17.5,False,0.0,0,0,False,False,False,active_20240526,2024-05-26 22:00:00,2024-05-26 22:59:59,30,40.125,-88.875,False,False,coverage_ineligible
40.125000000002956,-88.6250011821931,4.5,False,0.0,0,0,False,False,False,active_20240526,2024-05-26 22:00:00,2024-05-26 22:59:59,30,40.125,-88.625,False,False,coverage_ineligible
39.875000000003006,-91.87500108932073,,False,0.0,0,0,False,False,False,active_20240526,2024-05-26 22:00:00,2024-05-26 22:59:59,30,39.875,-91.875,False,False,coverage_ineligible
39.875000000003006,-91.62500109646481,,False,0.0,0,0,False,False,False,active_20240526,2024-05-26 22:00:00,2024-05-26 22:59:59,30,39.875,-91.625,False,False,coverage_ineligible
39.875000000003006,-91.37500110360884,,False,0.0,0,0,False,False,False,active_20240526,2024-05-26 22:00:00,2024-05-26 22:59:59,30,39.875,-91.375,False,False,coverage_ineligible
39.875000000003006,-91.12500111075286,,False,0.0,0,0,False,False,False,active_20240526,2024-05-26 22:00:00,2024-05-26 22:59:59,30,39.875,-91.125,False,False,coverage_ineligible
39.875000000003006,-90.87500111789689,,False,0.0,0,0,False,False,False,active_20240526,2024-05-26 22:00:00,2024-05-26 22:59:59,30,39.875,-90.875,False,False,coverage_ineligible
39.875000000003006,-90.62500112504097,13.0,False,0.0,0,0,False,False,False,active_20240526,2024-05-26 22:00:00,2024-05-26 22:59:59,30,39.875,-90.625,False,False,coverage_ineligible
39.875000000003006,-90.37500113218493,30.0,False,0.0,0,0,False,False,False,active_20240526,2024-05-26 22:00:00,2024-05-26 22:59:59,30,39.875,-90.375,False,False,coverage_ineligible
39.875000000003006,-90.12500113932896,18.5,False,0.0,0,0,False,False,False,active_20240526,2024-05-26 22:00:00,2024-05-26 22:59:59,30,39.875,-90.125,False,False,coverage_ineligible
39.875000000003006,-89.87500114647298,20.0,False,0.26666666666666666,0,0,False,False,False,active_20240526,2024-05-26 22:00:00,2024-05-26 22:59:59,30,39.875,-89.875,False,False,coverage_ineligible
39.875000000003006,-89.62500115361706,22.5,False,0.36666666666666664,0,0,False,False,False,active_20240526,2024-05-26 22:00:00,2024-05-26 22:59:59,30,39.875,-89.625,False,False,coverage_ineligible
39.875000000003006,-89.37500116076103,24.5,False,0.36666666666666664,0,0,False,False,False,active_20240526,2024-05-26 22:00:00,2024-05-26 22:59:59,30,39.875,-89.375,False,False,coverage_ineligible
39.875000000003006,-89.12500116790505,23.5,False,0.3,0,0,False,False,False,active_20240526,2024-05-26 22:00:00,2024-05-26 22:59:59,30,39.875,-89.125,False,False,coverage_ineligible
39.875000000003006,-88.87500117504902,26.0,False,0.16666666666666666,0,0,False,False,False,active_20240526,2024-05-26 22:00:00,2024-05-26 22:59:59,30,39.875,-88.875,False,False,coverage_ineligible
39.875000000003006,-88.6250011821931,18.0,False,0.0,0,0,False,False,False,active_20240526,2024-05-26 22:00:00,2024-05-26 22:59:59,30,39.875,-88.625,False,False,coverage_ineligible
39.62500000000305,-91.87500108932073,,False,0.0,0,0,False,False,False,active_20240526,2024-05-26 22:00:00,2024-05-26 22:59:59,30,39.625,-91.875,False,False,coverage_ineligible
39.62500000000305,-91.62500109646481,,False,0.0,0,0,False,False,False,active_20240526,2024-05-26 22:00:00,2024-05-26 22:59:59,30,39.625,-91.625,False,False,coverage_ineligible
39.62500000000305,-91.37500110360884,17.0,False,0.0,0,0,False,False,False,active_20240526,2024-05-26 22:00:00,2024-05-26 22:59:59,30,39.625,-91.375,False,False,coverage_ineligible
39.62500000000305,-91.12500111075286,17.0,False,0.0,0,0,False,False,False,active_20240526,2024-05-26 22:00:00,2024-05-26 22:59:59,30,39.625,-91.125,False,False,coverage_ineligible
39.62500000000305,-90.87500111789689,18.5,False,0.0,0,0,False,False,False,active_20240526,2024-05-26 22:00:00,2024-05-26 22:59:59,30,39.625,-90.875,False,False,coverage_ineligible
39.62500000000305,-90.62500112504097,26.0,False,0.26666666666666666,0,0,False,False,False,active_20240526,2024-05-26 22:00:00,2024-05-26 22:59:59,30,39.625,-90.625,False,False,coverage_ineligible
39.62500000000305,-90.37500113218493,26.5,False,0.6666666666666666,0,0,False,False,False,active_20240526,2024-05-26 22:00:00,2024-05-26 22:59:59,30,39.625,-90.375,False,False,coverage_ineligible
39.62500000000305,-90.12500113932896,36.0,True,0.9333333333333333,0,0,False,False,False,active_20240526,2024-05-26 22:00:00,2024-05-26 22:59:59,30,39.625,-90.125,False,False,S0_H0
39.62500000000305,-89.87500114647298,43.0,True,0.8666666666666667,0,0,False,False,False,active_20240526,2024-05-26 22:00:00,2024-05-26 22:59:59,30,39.625,-89.875,False,False,S0_H0
39.62500000000305,-89.62500115361706,47.5,False,0.7666666666666667,1,0,False,False,False,active_20240526,2024-05-26 22:00:00,2024-05-26 22:59:59,30,39.625,-89.625,False,False,coverage_ineligible
39.62500000000305,-89.37500116076103,28.0,False,0.6666666666666666,0,0,False,False,False,active_20240526,2024-05-26 22:00:00,2024-05-26 22:59:59,30,39.625,-89.375,False,False,coverage_ineligible
39.62500000000305,-89.12500116790505,43.5,False,0.5333333333333333,0,0,False,False,False,active_20240526,2024-05-26 22:00:00,2024-05-26 22:59:59,30,39.625,-89.125,False,False,coverage_ineligible
39.62500000000305,-88.87500117504902,54.5,False,0.3333333333333333,5,0,False,False,False,active_20240526,2024-05-26 22:00:00,2024-05-26 22:59:59,30,39.625,-88.875,False,False,coverage_ineligible
39.62500000000305,-88.6250011821931,43.5,False,0.26666666666666666,0,0,False,False,False,active_20240526,2024-05-26 22:00:00,2024-05-26 22:59:59,30,39.625,-88.625,False,False,coverage_ineligible
39.37500000000311,-91.87500108932073,13.0,False,0.0,0,0,False,False,False,active_20240526,2024-05-26 22:00:00,2024-05-26 22:59:59,30,39.375,-91.875,False,False,coverage_ineligible
39.37500000000311,-91.62500109646481,19.0,False,0.0,0,0,False,False,False,active_20240526,2024-05-26 22:00:00,2024-05-26 22:59:59,30,39.375,-91.625,False,False,coverage_ineligible
39.37500000000311,-91.37500110360884,19.5,False,0.13333333333333333,0,0,False,False,False,active_20240526,2024-05-26 22:00:00,2024-05-26 22:59:59,30,39.375,-91.375,False,False,coverage_ineligible
39.37500000000311,-91.12500111075286,20.5,False,0.5,0,0,False,False,False,active_20240526,2024-05-26 22:00:00,2024-05-26 22:59:59,30,39.375,-91.125,False,False,coverage_ineligible
39.37500000000311,-90.87500111789689,25.0,False,0.5333333333333333,0,0,False,False,False,active_20240526,2024-05-26 22:00:00,2024-05-26 22:59:59,30,39.375,-90.875,False,False,coverage_ineligible
39.37500000000311,-90.62500112504097,40.5,True,1.0,0,0,False,False,False,active_20240526,2024-05-26 22:00:00,2024-05-26 22:59:59,30,39.375,-90.625,False,False,S0_H0
39.37500000000311,-90.37500113218493,49.5,True,1.0,11,3,True,False,False,active_20240526,2024-05-26 22:00:00,2024-05-26 22:59:59,30,39.375,-90.375,False,False,S0_H0
39.37500000000311,-90.12500113932896,40.5,True,1.0,1,0,False,False,False,active_20240526,2024-05-26 22:00:00,2024-05-26 22:59:59,30,39.375,-90.125,False,False,S0_H0
39.37500000000311,-89.87500114647298,56.5,True,1.0,16,5,True,True,False,active_20240526,2024-05-26 22:00:00,2024-05-26 22:59:59,30,39.375,-89.875,False,True,S1_H0
39.37500000000311,-89.62500115361706,57.5,True,1.0,18,13,True,True,True,active_20240526,2024-05-26 22:00:00,2024-05-26 22:59:59,30,39.375,-89.625,False,True,S1_H0
39.37500000000311,-89.37500116076103,55.0,True,0.9666666666666667,15,8,True,True,False,active_20240526,2024-05-26 22:00:00,2024-05-26 22:59:59,30,39.375,-89.375,False,True,S1_H0
39.37500000000311,-89.12500116790505,57.5,True,1.0,21,14,True,True,True,active_20240526,2024-05-26 22:00:00,2024-05-26 22:59:59,30,39.375,-89.125,False,True,S1_H0
39.37500000000311,-88.87500117504902,56.0,False,0.6666666666666666,19,19,False,False,False,active_20240526,2024-05-26 22:00:00,2024-05-26 22:59:59,30,39.375,-88.875,False,False,coverage_ineligible
39.37500000000311,-88.6250011821931,51.5,False,0.13333333333333333,4,0,False,False,False,active_20240526,2024-05-26 22:00:00,2024-05-26 22:59:59,30,39.375,-88.625,False,False,coverage_ineligible
39.125000000003155,-91.87500108932073,19.5,False,0.0,0,0,False,False,False,active_20240526,2024-05-26 22:00:00,2024-05-26 22:59:59,30,39.125,-91.875,False,False,coverage_ineligible
39.125000000003155,-91.62500109646481,22.5,False,0.43333333333333335,0,0,False,False,False,active_20240526,2024-05-26 22:00:00,2024-05-26 22:59:59,30,39.125,-91.625,False,False,coverage_ineligible
39.125000000003155,-91.37500110360884,54.5,True,0.8666666666666667,0,0,False,False,False,active_20240526,2024-05-26 22:00:00,2024-05-26 22:59:59,30,39.125,-91.375,False,False,S0_H0
39.125000000003155,-91.12500111075286,57.0,True,1.0,10,8,True,True,False,active_20240526,2024-05-26 22:00:00,2024-05-26 22:59:59,30,39.125,-91.125,False,True,S1_H0
39.125000000003155,-90.87500111789689,58.5,True,1.0,16,12,True,True,True,active_20240526,2024-05-26 22:00:00,2024-05-26 22:59:59,30,39.125,-90.875,False,True,S1_H0
39.125000000003155,-90.62500112504097,61.5,True,1.0,30,26,True,True,True,active_20240526,2024-05-26 22:00:00,2024-05-26 22:59:59,30,39.125,-90.625,False,True,S1_H0
39.125000000003155,-90.37500113218493,59.5,True,1.0,30,30,True,True,True,active_20240526,2024-05-26 22:00:00,2024-05-26 22:59:59,30,39.125,-90.375,False,True,S1_H0
39.125000000003155,-90.12500113932896,58.5,True,1.0,23,20,True,True,True,active_20240526,2024-05-26 22:00:00,2024-05-26 22:59:59,30,39.125,-90.125,False,True,S1_H0
39.125000000003155,-89.87500114647298,62.5,True,1.0,23,22,True,True,True,active_20240526,2024-05-26 22:00:00,2024-05-26 22:59:59,30,39.125,-89.875,True,True,S1_H1
39.125000000003155,-89.62500115361706,58.5,True,1.0,17,13,True,True,True,active_20240526,2024-05-26 22:00:00,2024-05-26 22:59:59,30,39.125,-89.625,False,True,S1_H0
39.125000000003155,-89.37500116076103,43.5,True,1.0,0,0,False,False,False,active_20240526,2024-05-26 22:00:00,2024-05-26 22:59:59,30,39.125,-89.375,False,False,S0_H0
39.125000000003155,-89.12500116790505,41.0,False,0.6,0,0,False,False,False,active_20240526,2024-05-26 22:00:00,2024-05-26 22:59:59,30,39.125,-89.125,False,False,coverage_ineligible
39.125000000003155,-88.87500117504902,21.5,False,0.2,0,0,False,False,False,active_20240526,2024-05-26 22:00:00,2024-05-26 22:59:59,30,39.125,-88.875,False,False,coverage_ineligible
39.125000000003155,-88.6250011821931,17.5,False,0.0,0,0,False,False,False,active_20240526,2024-05-26 22:00:00,2024-05-26 22:59:59,30,39.125,-88.625,False,False,coverage_ineligible
38.875000000003205,-91.87500108932073,26.5,True,0.8,0,0,False,False,False,active_20240526,2024-05-26 22:00:00,2024-05-26 22:59:59,30,38.875,-91.875,False,False,S0_H0
38.875000000003205,-91.62500109646481,28.5,True,1.0,0,0,False,False,False,active_20240526,2024-05-26 22:00:00,2024-05-26 22:59:59,30,38.875,-91.625,False,False,S0_H0
38.875000000003205,-91.37500110360884,56.5,True,1.0,5,4,True,False,False,active_20240526,2024-05-26 22:00:00,2024-05-26 22:59:59,30,38.875,-91.375,False,False,S0_H0
38.875000000003205,-91.12500111075286,59.5,True,1.0,27,20,True,True,True,active_20240526,2024-05-26 22:00:00,2024-05-26 22:59:59,30,38.875,-91.125,False,True,S1_H0
38.875000000003205,-90.87500111789689,64.0,True,1.0,22,19,True,True,True,active_20240526,2024-05-26 22:00:00,2024-05-26 22:59:59,30,38.875,-90.875,False,True,S1_H0
38.875000000003205,-90.62500112504097,67.0,True,1.0,30,28,True,True,True,active_20240526,2024-05-26 22:00:00,2024-05-26 22:59:59,30,38.875,-90.625,False,True,S1_H0
38.875000000003205,-90.37500113218493,66.5,True,1.0,30,30,True,True,True,active_20240526,2024-05-26 22:00:00,2024-05-26 22:59:59,30,38.875,-90.375,True,True,S1_H1
38.875000000003205,-90.12500113932896,63.5,True,1.0,26,24,True,True,True,active_20240526,2024-05-26 22:00:00,2024-05-26 22:59:59,30,38.875,-90.125,False,True,S1_H0
38.875000000003205,-89.87500114647298,66.0,True,1.0,15,11,True,True,True,active_20240526,2024-05-26 22:00:00,2024-05-26 22:59:59,30,38.875,-89.875,False,True,S1_H0
38.875000000003205,-89.62500115361706,53.5,True,1.0,3,2,True,False,False,active_20240526,2024-05-26 22:00:00,2024-05-26 22:59:59,30,38.875,-89.625,False,False,S0_H0
38.875000000003205,-89.37500116076103,25.0,False,0.7666666666666667,0,0,False,False,False,active_20240526,2024-05-26 22:00:00,2024-05-26 22:59:59,30,38.875,-89.375,False,False,coverage_ineligible
38.875000000003205,-89.12500116790505,23.5,False,0.4,0,0,False,False,False,active_20240526,2024-05-26 22:00:00,2024-05-26 22:59:59,30,38.875,-89.125,False,False,coverage_ineligible
38.875000000003205,-88.87500117504902,20.5,False,0.16666666666666666,0,0,False,False,False,active_20240526,2024-05-26 22:00:00,2024-05-26 22:59:59,30,38.875,-88.875,False,False,coverage_ineligible
38.875000000003205,-88.6250011821931,16.0,False,0.0,0,0,False,False,False,active_20240526,2024-05-26 22:00:00,2024-05-26 22:59:59,30,38.875,-88.625,False,False,coverage_ineligible
38.625000000003254,-91.87500108932073,42.0,True,1.0,0,0,False,False,False,active_20240526,2024-05-26 22:00:00,2024-05-26 22:59:59,30,38.625,-91.875,False,False,S0_H0
38.625000000003254,-91.62500109646481,47.0,True,1.0,12,0,True,False,False,active_20240526,2024-05-26 22:00:00,2024-05-26 22:59:59,30,38.625,-91.625,False,False,S0_H0
38.625000000003254,-91.37500110360884,60.0,True,1.0,26,25,True,True,True,active_20240526,2024-05-26 22:00:00,2024-05-26 22:59:59,30,38.625,-91.375,False,True,S1_H0
38.625000000003254,-91.12500111075286,62.5,True,1.0,30,30,True,True,True,active_20240526,2024-05-26 22:00:00,2024-05-26 22:59:59,30,38.625,-91.125,False,True,S1_H0
38.625000000003254,-90.87500111789689,68.5,True,1.0,30,30,True,True,True,active_20240526,2024-05-26 22:00:00,2024-05-26 22:59:59,30,38.625,-90.875,False,True,S1_H0
38.625000000003254,-90.62500112504097,71.0,True,1.0,30,30,True,True,True,active_20240526,2024-05-26 22:00:00,2024-05-26 22:59:59,30,38.625,-90.625,True,True,S1_H1
38.625000000003254,-90.37500113218493,70.5,True,1.0,30,30,True,True,True,active_20240526,2024-05-26 22:00:00,2024-05-26 22:59:59,30,38.625,-90.375,False,True,S1_H0
38.625000000003254,-90.12500113932896,64.5,True,1.0,21,21,True,True,True,active_20240526,2024-05-26 22:00:00,2024-05-26 22:59:59,30,38.625,-90.125,True,True,S1_H1
38.625000000003254,-89.87500114647298,68.5,True,1.0,13,11,True,True,True,active_20240526,2024-05-26 22:00:00,2024-05-26 22:59:59,30,38.625,-89.875,False,True,S1_H0
38.625000000003254,-89.62500115361706,41.5,True,0.9,0,0,False,False,False,active_20240526,2024-05-26 22:00:00,2024-05-26 22:59:59,30,38.625,-89.625,False,False,S0_H0
38.625000000003254,-89.37500116076103,23.0,False,0.6666666666666666,0,0,False,False,False,active_20240526,2024-05-26 22:00:00,2024-05-26 22:59:59,30,38.625,-89.375,False,False,coverage_ineligible
38.625000000003254,-89.12500116790505,28.5,False,0.4,0,0,False,False,False,active_20240526,2024-05-26 22:00:00,2024-05-26 22:59:59,30,38.625,-89.125,False,False,coverage_ineligible
38.625000000003254,-88.87500117504902,25.0,False,0.0,0,0,False,False,False,active_20240526,2024-05-26 22:00:00,2024-05-26 22:59:59,30,38.625,-88.875,False,False,coverage_ineligible
38.625000000003254,-88.6250011821931,14.0,False,0.0,0,0,False,False,False,active_20240526,2024-05-26 22:00:00,2024-05-26 22:59:59,30,38.625,-88.625,False,False,coverage_ineligible
38.375000000003304,-91.87500108932073,56.5,True,1.0,17,16,True,True,True,active_20240526,2024-05-26 22:00:00,2024-05-26 22:59:59,30,38.375,-91.875,False,True,S1_H0
38.375000000003304,-91.62500109646481,61.5,True,1.0,25,25,True,True,True,active_20240526,2024-05-26 22:00:00,2024-05-26 22:59:59,30,38.375,-91.625,False,True,S1_H0
38.375000000003304,-91.37500110360884,59.0,True,1.0,30,30,True,True,True,active_20240526,2024-05-26 22:00:00,2024-05-26 22:59:59,30,38.375,-91.375,False,True,S1_H0
38.375000000003304,-91.12500111075286,63.0,True,1.0,30,30,True,True,True,active_20240526,2024-05-26 22:00:00,2024-05-26 22:59:59,30,38.375,-91.125,False,True,S1_H0
38.375000000003304,-90.87500111789689,63.5,True,1.0,30,25,True,True,True,active_20240526,2024-05-26 22:00:00,2024-05-26 22:59:59,30,38.375,-90.875,False,True,S1_H0
38.375000000003304,-90.62500112504097,63.0,True,1.0,20,18,True,True,True,active_20240526,2024-05-26 22:00:00,2024-05-26 22:59:59,30,38.375,-90.625,False,True,S1_H0
38.375000000003304,-90.37500113218493,61.5,True,0.9666666666666667,11,8,True,True,False,active_20240526,2024-05-26 22:00:00,2024-05-26 22:59:59,30,38.375,-90.375,True,True,S1_H1
38.375000000003304,-90.12500113932896,45.5,True,0.8333333333333334,0,0,False,False,False,active_20240526,2024-05-26 22:00:00,2024-05-26 22:59:59,30,38.375,-90.125,False,False,S0_H0
38.375000000003304,-89.87500114647298,33.0,False,0.6333333333333333,0,0,False,False,False,active_20240526,2024-05-26 22:00:00,2024-05-26 22:59:59,30,38.375,-89.875,False,False,coverage_ineligible
38.375000000003304,-89.62500115361706,26.5,False,0.13333333333333333,0,0,False,False,False,active_20240526,2024-05-26 22:00:00,2024-05-26 22:59:59,30,38.375,-89.625,False,False,coverage_ineligible
38.375000000003304,-89.37500116076103,30.5,False,0.0,0,0,False,False,False,active_20240526,2024-05-26 22:00:00,2024-05-26 22:59:59,30,38.375,-89.375,False,False,coverage_ineligible
38.375000000003304,-89.12500116790505,28.5,False,0.0,0,0,False,False,False,active_20240526,2024-05-26 22:00:00,2024-05-26 22:59:59,30,38.375,-89.125,False,False,coverage_ineligible
38.375000000003304,-88.87500117504902,22.5,False,0.0,0,0,False,False,False,active_20240526,2024-05-26 22:00:00,2024-05-26 22:59:59,30,38.375,-88.875,False,False,coverage_ineligible
38.375000000003304,-88.6250011821931,9.5,False,0.0,0,0,False,False,False,active_20240526,2024-05-26 22:00:00,2024-05-26 22:59:59,30,38.375,-88.625,False,False,coverage_ineligible
38.125000000003354,-91.87500108932073,55.5,True,1.0,30,29,True,True,True,active_20240526,2024-05-26 22:00:00,2024-05-26 22:59:59,30,38.125,-91.875,False,True,S1_H0
38.125000000003354,-91.62500109646481,57.0,True,1.0,24,22,True,True,True,active_20240526,2024-05-26 22:00:00,2024-05-26 22:59:59,30,38.125,-91.625,False,True,S1_H0
38.125000000003354,-91.37500110360884,59.0,True,1.0,17,16,True,True,True,active_20240526,2024-05-26 22:00:00,2024-05-26 22:59:59,30,38.125,-91.375,False,True,S1_H0
38.125000000003354,-91.12500111075286,60.5,True,1.0,11,10,True,True,True,active_20240526,2024-05-26 22:00:00,2024-05-26 22:59:59,30,38.125,-91.125,False,True,S1_H0
38.125000000003354,-90.87500111789689,54.5,True,0.8333333333333334,2,1,False,False,False,active_20240526,2024-05-26 22:00:00,2024-05-26 22:59:59,30,38.125,-90.875,False,False,S0_H0
38.125000000003354,-90.62500112504097,29.5,False,0.7,0,0,False,False,False,active_20240526,2024-05-26 22:00:00,2024-05-26 22:59:59,30,38.125,-90.625,False,False,coverage_ineligible
38.125000000003354,-90.37500113218493,23.5,False,0.5333333333333333,0,0,False,False,False,active_20240526,2024-05-26 22:00:00,2024-05-26 22:59:59,30,38.125,-90.375,False,False,coverage_ineligible
38.125000000003354,-90.12500113932896,36.0,False,0.2,0,0,False,False,False,active_20240526,2024-05-26 22:00:00,2024-05-26 22:59:59,30,38.125,-90.125,False,False,coverage_ineligible
38.125000000003354,-89.87500114647298,43.5,False,0.0,0,0,False,False,False,active_20240526,2024-05-26 22:00:00,2024-05-26 22:59:59,30,38.125,-89.875,False,False,coverage_ineligible
38.125000000003354,-89.62500115361706,42.0,False,0.0,0,0,False,False,False,active_20240526,2024-05-26 22:00:00,2024-05-26 22:59:59,30,38.125,-89.625,False,False,coverage_ineligible
38.125000000003354,-89.37500116076103,7.5,False,0.0,0,0,False,False,False,active_20240526,2024-05-26 22:00:00,2024-05-26 22:59:59,30,38.125,-89.375,False,False,coverage_ineligible
38.125000000003354,-89.12500116790505,13.5,False,0.0,0,0,False,False,False,active_20240526,2024-05-26 22:00:00,2024-05-26 22:59:59,30,38.125,-89.125,False,False,coverage_ineligible
38.125000000003354,-88.87500117504902,22.0,False,0.0,0,0,False,False,False,active_20240526,2024-05-26 22:00:00,2024-05-26 22:59:59,30,38.125,-88.875,False,False,coverage_ineligible
38.125000000003354,-88.6250011821931,35.0,False,0.0,0,0,False,False,False,active_20240526,2024-05-26 22:00:00,2024-05-26 22:59:59,30,38.125,-88.625,False,False,coverage_ineligible
37.8750000000034,-91.87500108932073,65.0,True,1.0,21,20,True,True,True,active_20240526,2024-05-26 22:00:00,2024-05-26 22:59:59,30,37.875,-91.875,True,True,S1_H1
37.8750000000034,-91.62500109646481,58.0,True,1.0,12,10,True,True,True,active_20240526,2024-05-26 22:00:00,2024-05-26 22:59:59,30,37.875,-91.625,True,True,S1_H1
37.8750000000034,-91.37500110360884,50.5,True,0.9333333333333333,4,2,True,False,False,active_20240526,2024-05-26 22:00:00,2024-05-26 22:59:59,30,37.875,-91.375,False,False,S0_H0
37.8750000000034,-91.12500111075286,25.5,False,0.7333333333333333,0,0,False,False,False,active_20240526,2024-05-26 22:00:00,2024-05-26 22:59:59,30,37.875,-91.125,False,False,coverage_ineligible
37.8750000000034,-90.87500111789689,24.0,False,0.5666666666666667,0,0,False,False,False,active_20240526,2024-05-26 22:00:00,2024-05-26 22:59:59,30,37.875,-90.875,False,False,coverage_ineligible
37.8750000000034,-90.62500112504097,30.0,False,0.43333333333333335,0,0,False,False,False,active_20240526,2024-05-26 22:00:00,2024-05-26 22:59:59,30,37.875,-90.625,False,False,coverage_ineligible
37.8750000000034,-90.37500113218493,27.5,False,0.26666666666666666,0,0,False,False,False,active_20240526,2024-05-26 22:00:00,2024-05-26 22:59:59,30,37.875,-90.375,False,False,coverage_ineligible
37.8750000000034,-90.12500113932896,43.5,False,0.1,0,0,False,False,False,active_20240526,2024-05-26 22:00:00,2024-05-26 22:59:59,30,37.875,-90.125,False,False,coverage_ineligible
37.8750000000034,-89.87500114647298,27.5,False,0.0,0,0,False,False,False,active_20240526,2024-05-26 22:00:00,2024-05-26 22:59:59,30,37.875,-89.875,False,False,coverage_ineligible
37.8750000000034,-89.62500115361706,37.0,False,0.0,0,0,False,False,False,active_20240526,2024-05-26 22:00:00,2024-05-26 22:59:59,30,37.875,-89.625,False,False,coverage_ineligible
37.8750000000034,-89.37500116076103,,False,0.0,0,0,False,False,False,active_20240526,2024-05-26 22:00:00,2024-05-26 22:59:59,30,37.875,-89.375,False,False,coverage_ineligible
37.8750000000034,-89.12500116790505,6.0,False,0.0,0,0,False,False,False,active_20240526,2024-05-26 22:00:00,2024-05-26 22:59:59,30,37.875,-89.125,False,False,coverage_ineligible
37.8750000000034,-88.87500117504902,,False,0.0,0,0,False,False,False,active_20240526,2024-05-26 22:00:00,2024-05-26 22:59:59,30,37.875,-88.875,False,False,coverage_ineligible
37.8750000000034,-88.6250011821931,,False,0.0,0,0,False,False,False,active_20240526,2024-05-26 22:00:00,2024-05-26 22:59:59,30,37.875,-88.625,False,False,coverage_ineligible
37.62500000000345,-91.87500108932073,54.5,False,0.7666666666666667,6,4,False,False,False,active_20240526,2024-05-26 22:00:00,2024-05-26 22:59:59,30,37.625,-91.875,True,False,coverage_ineligible
37.62500000000345,-91.62500109646481,45.0,True,1.0,0,0,False,False,False,active_20240526,2024-05-26 22:00:00,2024-05-26 22:59:59,30,37.625,-91.625,False,False,S0_H0
37.62500000000345,-91.37500110360884,56.0,True,0.9666666666666667,8,8,True,True,False,active_20240526,2024-05-26 22:00:00,2024-05-26 22:59:59,30,37.625,-91.375,False,True,S1_H0
37.62500000000345,-91.12500111075286,51.5,True,0.8,5,3,True,False,False,active_20240526,2024-05-26 22:00:00,2024-05-26 22:59:59,30,37.625,-91.125,False,False,S0_H0
37.62500000000345,-90.87500111789689,29.5,False,0.5666666666666667,0,0,False,False,False,active_20240526,2024-05-26 22:00:00,2024-05-26 22:59:59,30,37.625,-90.875,False,False,coverage_ineligible
37.62500000000345,-90.62500112504097,22.0,False,0.36666666666666664,0,0,False,False,False,active_20240526,2024-05-26 22:00:00,2024-05-26 22:59:59,30,37.625,-90.625,False,False,coverage_ineligible
37.62500000000345,-90.37500113218493,20.5,False,0.13333333333333333,0,0,False,False,False,active_20240526,2024-05-26 22:00:00,2024-05-26 22:59:59,30,37.625,-90.375,False,False,coverage_ineligible
37.62500000000345,-90.12500113932896,16.5,False,0.0,0,0,False,False,False,active_20240526,2024-05-26 22:00:00,2024-05-26 22:59:59,30,37.625,-90.125,False,False,coverage_ineligible
37.62500000000345,-89.87500114647298,14.0,False,0.0,0,0,False,False,False,active_20240526,2024-05-26 22:00:00,2024-05-26 22:59:59,30,37.625,-89.875,False,False,coverage_ineligible
37.62500000000345,-89.62500115361706,14.5,False,0.0,0,0,False,False,False,active_20240526,2024-05-26 22:00:00,2024-05-26 22:59:59,30,37.625,-89.625,False,False,coverage_ineligible
37.62500000000345,-89.37500116076103,45.0,False,0.0,0,0,False,False,False,active_20240526,2024-05-26 22:00:00,2024-05-26 22:59:59,30,37.625,-89.375,False,False,coverage_ineligible
37.62500000000345,-89.12500116790505,49.5,False,0.0,0,0,False,False,False,active_20240526,2024-05-26 22:00:00,2024-05-26 22:59:59,30,37.625,-89.125,False,False,coverage_ineligible
37.62500000000345,-88.87500117504902,31.0,False,0.0,0,0,False,False,False,active_20240526,2024-05-26 22:00:00,2024-05-26 22:59:59,30,37.625,-88.875,False,False,coverage_ineligible
37.62500000000345,-88.6250011821931,23.0,False,0.0,0,0,False,False,False,active_20240526,2024-05-26 22:00:00,2024-05-26 22:59:59,30,37.625,-88.625,False,False,coverage_ineligible
