period_id,origin_minutes,grid_lat,grid_lon,future_hail,future_storm,p_lopo_prevalence_baseline,p_direct,p_stage1,p_stage2,p_hierarchical
active_20240418,30,40.375,-91.125,0,0,0.044444444444444446,0.3291192977633909,0.9994846686355663,0.2430920712508739,0.24296679828211318
active_20240418,30,40.375,-90.875,0,1,0.044444444444444446,0.25180540913433275,0.9992559878421283,0.1795302955313193,0.1793967228087377
active_20240418,30,40.375,-90.625,0,1,0.044444444444444446,0.16789458607671756,0.9982760626321817,0.12027884628254867,0.12007149308488411
active_20240418,30,40.375,-90.375,0,1,0.044444444444444446,0.0697242761873836,0.9912947220491407,0.050021503658125084,0.049586052565261184
active_20240418,30,40.375,-89.375,0,1,0.044444444444444446,0.04857002150125042,0.7595046409432292,0.05946788453451284,0.04516613429103859
active_20240418,30,40.375,-89.125,0,1,0.044444444444444446,0.018768344118927725,0.3561443484115601,0.022748731363004343,0.008101832108466803
active_20240418,30,40.375,-88.875,0,0,0.044444444444444446,0.01569264436102289,0.3146492538424061,0.01824886964118647,0.00574199321606666
active_20240418,30,40.375,-88.625,0,0,0.044444444444444446,0.013513287492808179,0.2879153355293792,0.015058993756140573,0.00433571524003404
active_20240418,30,40.125,-91.875,0,0,0.044444444444444446,0.552117269422546,0.9978045611556465,0.5519610767395932,0.5507492799511479
active_20240418,30,40.125,-91.625,0,0,0.044444444444444446,0.5077394174857051,0.9991751600137925,0.4626613540709805,0.46227973248606985
active_20240418,30,40.125,-91.375,0,0,0.044444444444444446,0.22921280455720716,0.9989226728055424,0.15997592039172415,0.15980357398222775
active_20240418,30,40.125,-91.125,0,1,0.044444444444444446,0.15969841938566814,0.9976547368916282,0.11546111927334435,0.11519033256986126
active_20240418,30,40.125,-90.875,0,1,0.044444444444444446,0.11106937830250171,0.9905056813475425,0.09057222776739353,0.08971230617590693
active_20240418,30,40.125,-89.125,0,1,0.044444444444444446,0.023088472124967,0.443856585895191,0.028474736406720724,0.012638699285752559
active_20240418,30,40.125,-88.875,0,0,0.044444444444444446,0.02132300279589241,0.42324239536491276,0.025369403638630317,0.01073740716499323
active_20240418,30,40.125,-88.625,0,0,0.044444444444444446,0.0207999223410618,0.4428756970026907,0.02380276684736414,0.010541666958118931
active_20240418,30,39.875,-91.875,0,0,0.044444444444444446,0.5291416103719426,0.9995966014466678,0.45357997467693845,0.45339700117133336
active_20240418,30,39.875,-91.625,0,0,0.044444444444444446,0.3252963523619153,0.9995396115575637,0.2326172483206452,0.23251015402800704
active_20240418,30,39.875,-91.375,0,1,0.044444444444444446,0.2564084077695351,0.9982656229714404,0.20002867950297737,0.19968175435619429
active_20240418,30,39.875,-89.375,0,1,0.044444444444444446,0.02434139552151108,0.6748080719395042,0.027361472746313387,0.018463742669365027
active_20240418,30,39.875,-89.125,0,1,0.044444444444444446,0.024028901340216038,0.4566291284473755,0.029588311661751944,0.013510884966335108
active_20240418,30,39.875,-88.875,0,0,0.044444444444444446,0.019156881539476582,0.3609565014316753,0.022902994558527456,0.008266984788154767
active_20240418,30,39.875,-88.625,0,0,0.044444444444444446,0.0185029070933459,0.3605915310814393,0.021530754311773165,0.007763807662620587
active_20240418,30,39.625,-89.875,0,1,0.044444444444444446,0.016704838624434757,0.8489889714133352,0.0155812685344202,0.01322832514635237
active_20240418,30,39.625,-89.625,0,1,0.044444444444444446,0.04588067781408697,0.7328107194180623,0.058930117866568536,0.0431846220691913
active_20240418,30,39.625,-89.375,0,0,0.044444444444444446,0.02896062800350947,0.5326160847104386,0.036470008558523455,0.01942451316779695
active_20240418,30,39.625,-89.125,0,0,0.044444444444444446,0.01698613012511959,0.28134625985201983,0.02120744169135377,0.005966634400892176
active_20240418,30,39.625,-88.875,0,0,0.044444444444444446,0.015200306230959637,0.2454461063790745,0.01851996721521093,0.004545653843241634
active_20240418,30,39.625,-88.625,0,0,0.044444444444444446,0.013545317960086537,0.21495691777271775,0.016112715420881052,0.0034635396438215294
active_20240418,30,39.375,-90.375,0,1,0.044444444444444446,0.020648082842811027,0.9213643303795389,0.017919964560666423,0.016510816147863486
active_20240418,30,39.375,-90.125,0,1,0.044444444444444446,0.022969276549723236,0.938948755884059,0.019808831734867673,0.018599477912970667
active_20240418,30,39.375,-89.875,0,1,0.044444444444444446,0.027471233196672846,0.925365872742702,0.024873531348283365,0.02301711704429719
active_20240418,30,39.375,-89.625,0,1,0.044444444444444446,0.04139769281332031,0.6556953511174218,0.052512144011819736,0.034431968705758764
active_20240418,30,39.375,-89.375,0,0,0.044444444444444446,0.01480352790876828,0.20506942978715686,0.018901073702814585,0.0038760324066012125
active_20240418,30,39.125,-90.625,0,0,0.044444444444444446,0.034159388119665075,0.9447254397808562,0.030494036430787897,0.028808491977769548
active_20240418,30,39.125,-90.375,0,1,0.044444444444444446,0.023972763591066017,0.9246792230063549,0.020533121714049918,0.01898655103244259
active_20240418,30,39.125,-90.125,0,1,0.044444444444444446,0.05962437478974566,0.7983047593685871,0.07290718788995716,0.05820215508473262
active_20240418,30,38.875,-90.875,0,0,0.044444444444444446,0.05749582401479877,0.9744064870594905,0.05051941482922316,0.04922644553204447
active_20240418,30,38.875,-90.625,0,1,0.044444444444444446,0.03589822586308588,0.9555296644238049,0.030905775759535705,0.029531385540266516
active_20240418,30,38.875,-90.375,0,1,0.044444444444444446,0.04579381895264787,0.9584298655567055,0.04144162395496459,0.039718890075608256
active_20240418,30,38.875,-90.125,0,1,0.044444444444444446,0.08207652300791975,0.8383367988528412,0.1011054347252337,0.0847604064941773
active_20240418,30,38.625,-91.125,0,0,0.044444444444444446,0.0918722374101218,0.973309977323274,0.09025914017942521,0.08785012168125456
active_20240418,30,38.625,-90.875,0,1,0.044444444444444446,0.051389754335835314,0.96946639257351,0.04499649102952042,0.043622585836855465
active_20240418,30,38.625,-90.625,0,1,0.044444444444444446,0.06690251702709951,0.9824824156686429,0.05819522382769963,0.0571757840866157
active_20240418,30,38.625,-90.375,0,1,0.044444444444444446,0.06323166518600304,0.9806838059814196,0.053838520601808895,0.05279856529219101
active_20240418,30,38.625,-90.125,0,1,0.044444444444444446,0.07599918876456174,0.7650974290801913,0.0973250278633112,0.07446312860337738
active_20240418,30,38.375,-91.125,0,0,0.044444444444444446,0.07745030598345161,0.9819957428141539,0.0702226150340596,0.06895830901272373
active_20240418,30,38.375,-90.875,0,1,0.044444444444444446,0.11407348605247136,0.9778335994100437,0.11560311220339076,0.11304060730884473
active_20240418,30,38.375,-90.625,0,1,0.044444444444444446,0.0944714400793407,0.9760033482000537,0.09232840044388645,0.0901128279671885
active_20240418,30,38.375,-90.375,0,1,0.044444444444444446,0.2187575888158885,0.9843258422234706,0.23870073043605208,0.2349592975258246
active_20240418,30,38.125,-91.375,0,1,0.044444444444444446,0.0584353265674636,0.9778011947854629,0.051039442804919254,0.04990642815583434
active_20240418,30,38.125,-91.125,0,1,0.044444444444444446,0.11497671757927612,0.9764357647793533,0.11965457631846498,0.11683500773686985
active_20240508,30,39.875,-89.875,0,1,0.031746031746031744,0.015390202354878924,0.14243196202041378,0.03557527072651238,0.0050670556089845485
active_20240508,30,39.875,-89.625,0,1,0.031746031746031744,0.014347072921369133,0.13787555124981243,0.03239138554215272,0.004465980137369511
active_20240508,30,39.875,-89.375,0,1,0.031746031746031744,0.011099794286577213,0.10259350379739356,0.02492988033439088,0.002557643772754898
active_20240508,30,39.875,-89.125,0,0,0.031746031746031744,0.014311814790843945,0.15185308338091968,0.03116399338390934,0.004732348485809214
active_20240508,30,39.875,-88.875,0,0,0.031746031746031744,0.014222932822612135,0.15253669007233256,0.030723033319725875,0.004686389811572972
active_20240508,30,39.875,-88.625,0,0,0.031746031746031744,0.006145493221664843,0.042464436806344576,0.014102925795974526,0.0005988728012477271
active_20240508,30,39.625,-89.875,0,1,0.031746031746031744,0.0051820920758560455,0.15989210324029113,0.008955867526422131,0.001431972495141058
active_20240508,30,39.125,-91.625,0,1,0.031746031746031744,0.06448003866007879,0.44481715630269775,0.1596106575040909,0.07099755878657356
active_20240508,30,39.125,-91.375,0,1,0.031746031746031744,0.046025324411992245,0.5149638200157723,0.1040654504432589,0.053589941891922656
active_20240508,30,38.875,-91.625,0,1,0.031746031746031744,0.037949357769999026,0.5274265249679013,0.08287710516968481,0.04371158357904615
active_20240508,30,38.875,-90.375,0,1,0.031746031746031744,0.009371341990425044,0.6090205358270222,0.013661089461770033,0.008319884023988072
active_20240508,30,38.875,-90.125,0,1,0.031746031746031744,0.04037834299361528,0.5547330661003744,0.07431480703318545,0.04122488076217663
active_20240508,30,38.875,-88.625,0,0,0.031746031746031744,0.019311636476529035,0.18402457231709624,0.042899204101420986,0.007894507687507818
active_20240508,30,38.625,-91.875,0,1,0.031746031746031744,0.009866334496200202,0.42378425723194235,0.017152582586902075,0.007268994471199844
active_20240508,30,38.625,-91.625,0,1,0.031746031746031744,0.03770124207260999,0.5517403416859172,0.07039520638280389,0.038839875222698876
active_20240508,30,38.625,-91.375,0,0,0.031746031746031744,0.08026205714564318,0.6957689555631458,0.158242816282335,0.11010043901013097
active_20240508,30,38.625,-91.125,0,1,0.031746031746031744,0.013606808554829637,0.5902365166640495,0.022793765106505635,0.013453712518122444
active_20240508,30,38.625,-90.875,0,1,0.031746031746031744,0.012975743731031492,0.7263440845302654,0.019713684370196206,0.014318918026588766
active_20240508,30,38.625,-88.875,0,0,0.031746031746031744,0.01611602511891954,0.10345019404348135,0.03963525055404579,0.004100274360778039
active_20240508,30,38.625,-88.625,0,0,0.031746031746031744,0.021495754110627305,0.18512196905977657,0.04958388323469317,0.009179066098036443
active_20240508,30,38.375,-91.875,0,0,0.031746031746031744,0.010128969789429244,0.5417007507511682,0.016224834190991508,0.008789004862073322
active_20240508,30,38.375,-91.625,0,0,0.031746031746031744,0.024080517589757194,0.19408880744553336,0.05504019825508897,0.010682686440895945
active_20240508,30,38.375,-91.375,0,0,0.031746031746031744,0.07252974067693911,0.614742513539485,0.14243611412850088,0.08756153481815157
active_20240508,30,38.375,-91.125,0,1,0.031746031746031744,0.06201247045745506,0.7187384975432906,0.11333514705868704,0.08145833331580861
active_20240508,30,38.375,-90.875,0,1,0.031746031746031744,0.04535174145249199,0.5140081441810126,0.0834274997439454,0.04288241431704728
active_20240508,30,38.375,-88.875,0,0,0.031746031746031744,0.028944553704952778,0.21572112247441222,0.06893239357866138,0.014870173317636797
active_20240508,30,38.375,-88.625,0,0,0.031746031746031744,0.029027470263887266,0.2179416068129034,0.06917541500730891,0.015076201098642335
active_20240508,30,38.125,-91.875,0,1,0.031746031746031744,0.009798215769548702,0.6993615552698271,0.013854962511896165,0.009689628130524852
active_20240508,30,38.125,-91.625,0,1,0.031746031746031744,0.02051292336579476,0.7380221696667352,0.030146523747438182,0.022248802863994083
active_20240508,30,38.125,-91.375,0,1,0.031746031746031744,0.02316628193079084,0.7469035105496169,0.03457606500870223,0.025824984335991466
active_20240508,30,38.125,-91.125,0,1,0.031746031746031744,0.06491832163869321,0.47554200091855964,0.12657956753155483,0.06019390081936153
active_20240508,30,38.125,-89.125,0,0,0.031746031746031744,0.026265131053860965,0.5013721175312168,0.05071859502085104,0.025428889383812315
active_20240508,30,38.125,-88.875,0,0,0.031746031746031744,0.005809852405259659,0.4352160888589511,0.009586210107642634,0.004172072870028371
active_20240508,30,38.125,-88.625,0,0,0.031746031746031744,0.00944392263314929,0.33617880960435287,0.015885253016733988,0.0053402854494295875
active_20240508,30,37.875,-91.875,0,1,0.031746031746031744,0.022219030126995134,0.8423179205077714,0.03235073451987287,0.027249603427678296
active_20240508,30,37.875,-91.625,1,1,0.031746031746031744,0.05905576634687515,0.8744023132180168,0.09093395968440672,0.0795128646981191
active_20240508,30,37.875,-91.375,0,1,0.031746031746031744,0.15237931963347298,0.8089983589991315,0.26910629507969064,0.21770655111580578
active_20240508,30,37.875,-88.875,0,1,0.031746031746031744,0.010973049097382713,0.686998260949134,0.016776595491811677,0.011525491927521702
active_20240508,30,37.875,-88.625,0,1,0.031746031746031744,0.013085874242873965,0.7524450809915103,0.019592871175716037,0.014742559538667882
active_20240508,30,37.625,-91.875,1,1,0.031746031746031744,0.02160486367654392,0.7623232422999183,0.0357595281690772,0.027260319456966196
active_20240508,30,37.625,-91.625,0,1,0.031746031746031744,0.02271410201146039,0.7126194347278955,0.03684677212041147,0.0262577259199952
active_20240508,30,37.625,-88.875,0,1,0.031746031746031744,0.012877326120146497,0.7172869520181451,0.019269390895687084,0.013821682662813584
active_20240508,30,37.625,-88.625,0,1,0.031746031746031744,0.019640672299616045,0.8471876983917923,0.028008811045513903,0.023728720164339533
active_20240526,30,39.625,-90.125,0,0,0.022099447513812154,0.009926317223531727,0.13477245507901195,0.011902938368560392,0.0016041882265850533
active_20240526,30,39.375,-90.625,0,0,0.022099447513812154,0.019435176314523208,0.6453689627383349,0.02567291862619085,0.016568504864250464
active_20240526,30,39.375,-90.375,0,0,0.022099447513812154,0.020935454453469674,0.8390036156437272,0.023444541863895385,0.019670055390918956
active_20240526,30,39.375,-90.125,0,0,0.022099447513812154,0.025281456180342866,0.6215914220152278,0.0354755083172647,0.022051271661641607
active_20240526,30,39.375,-89.875,0,1,0.022099447513812154,0.04226039229288927,0.9266909732825342,0.05605480315547372,0.05194548009330681
active_20240526,30,39.375,-89.625,0,1,0.022099447513812154,0.05187323011670632,0.8895835481576032,0.07374291589912094,0.06560048477702773
active_20240526,30,39.375,-89.375,0,1,0.022099447513812154,0.05964371041613772,0.8600969606660397,0.08847934952387289,0.07610081960719128
active_20240526,30,39.375,-89.125,0,0,0.022099447513812154,0.040499435521206974,0.8575363628130155,0.04604023366279548,0.039481174518254995
active_20240526,30,39.125,-91.125,0,0,0.022099447513812154,0.03230839056869441,0.9120449171344306,0.03774140099020351,0.034421852938647475
active_20240526,30,39.125,-90.875,0,0,0.022099447513812154,0.024964523713643407,0.9404864675604204,0.025964779252151977,0.024419523519842508
active_20240526,30,39.125,-90.625,0,1,0.022099447513812154,0.027657427713171843,0.955643918568294,0.029218493852480185,0.027922475959847773
active_20240526,30,39.125,-90.375,0,1,0.022099447513812154,0.02802151937910854,0.9315231010775123,0.03019255514267438,0.02812506259595783
active_20240526,30,39.125,-90.125,0,1,0.022099447513812154,0.03982435535324369,0.9331499786966995,0.05238328655499203,0.04888146273285392
active_20240526,30,39.125,-89.875,0,1,0.022099447513812154,0.04632441240938255,0.9323149709256903,0.05463572467008889,0.050937704057297944
active_20240526,30,39.125,-89.625,0,1,0.022099447513812154,0.06278133484848533,0.8861592628698207,0.08716952609429178,0.07724608298842921
active_20240526,30,39.125,-89.375,0,0,0.022099447513812154,0.057618118226787494,0.5690635273610977,0.09434698404733262,0.05368942753785631
active_20240526,30,38.875,-91.625,0,0,0.022099447513812154,0.016874474791316554,0.22298763257745444,0.022530462432508492,0.0050240144787003435
active_20240526,30,38.875,-91.375,0,0,0.022099447513812154,0.04840287855146015,0.9103351345667157,0.0670590791336873,0.061046235827085266
active_20240526,30,38.875,-91.125,0,1,0.022099447513812154,0.02849362075022226,0.9314298613208112,0.030151822050388726,0.028084307430963348
active_20240526,30,38.875,-90.875,0,1,0.022099447513812154,0.0314992700423301,0.9532635357437451,0.04113278736912162,0.03921038632248453
active_20240526,30,38.875,-90.625,0,1,0.022099447513812154,0.03367192064638139,0.9781963510347496,0.037596409308481085,0.03677667039756509
active_20240526,30,38.875,-90.375,0,1,0.022099447513812154,0.03515841817497363,0.9752139474636617,0.040545892155388646,0.039540919542292476
active_20240526,30,38.875,-90.125,0,1,0.022099447513812154,0.03944276759869523,0.9527599761023346,0.05153601253767718,0.04910145007380693
active_20240526,30,38.875,-89.875,0,1,0.022099447513812154,0.04857152268217998,0.8064480379181165,0.07833034813699342,0.06316935556452134
active_20240526,30,38.875,-89.625,0,0,0.022099447513812154,0.032333049637728914,0.1750249496019363,0.050673989712696946,0.00886921249559382
active_20240526,30,38.625,-91.875,0,0,0.022099447513812154,0.05534022008640905,0.504713922077089,0.08227040963048238,0.04152302111548947
active_20240526,30,38.625,-91.625,0,0,0.022099447513812154,0.022795783435024634,0.8075587494860023,0.025202422361077895,0.020352436685930127
active_20240526,30,38.625,-91.375,0,1,0.022099447513812154,0.033430932063965524,0.9273742987598628,0.03645950259218767,0.03381160564956344
active_20240526,30,38.625,-91.125,0,1,0.022099447513812154,0.03184675852962858,0.9560028265410918,0.035134230867491484,0.033588424017669136
active_20240526,30,38.625,-90.875,0,1,0.022099447513812154,0.03631580879936394,0.9821125112561911,0.04090840271388239,0.04017665412081062
active_20240526,30,38.625,-90.625,0,1,0.022099447513812154,0.032648852745867624,0.9790716560920448,0.03652911951197671,0.035764625536175265
active_20240526,30,38.625,-90.375,0,1,0.022099447513812154,0.026106577833530598,0.946366580342796,0.028946279187479593,0.02739379124830291
active_20240526,30,38.625,-90.125,1,1,0.022099447513812154,0.058512822699202424,0.9528053934206626,0.08781576523235582,0.08367133474075134
active_20240526,30,38.625,-89.875,0,1,0.022099447513812154,0.028099325363064687,0.2837178845170214,0.04351735716963056,0.012346652515939216
active_20240526,30,38.625,-89.625,0,0,0.022099447513812154,0.030245180009358077,0.07371702098501415,0.04612680955377666,0.003400330987847505
active_20240526,30,38.375,-91.875,0,0,0.022099447513812154,0.04029465848029539,0.8425201025163025,0.04385611751180865,0.03694966062201603
active_20240526,30,38.375,-91.625,0,1,0.022099447513812154,0.03850085502681412,0.9339646374811461,0.0430619417460521,0.040218330812085784
active_20240526,30,38.375,-91.375,0,1,0.022099447513812154,0.024987395302973274,0.9321796763731324,0.02728022164687419,0.025430068186170503
active_20240526,30,38.375,-91.125,0,1,0.022099447513812154,0.02725630771349839,0.9666998534566625,0.030206595261875604,0.029200711213079864
active_20240526,30,38.375,-90.875,0,1,0.022099447513812154,0.022724218169382474,0.9802312812838562,0.024986836772653887,0.024492879024889093
active_20240526,30,38.375,-90.625,1,1,0.022099447513812154,0.03203590558781552,0.9691791424608256,0.0459112627788649,0.0444962382893139
active_20240526,30,38.375,-90.375,0,1,0.022099447513812154,0.018850307884426855,0.5829615600191128,0.027818288787462588,0.016216993028601384
active_20240526,30,38.125,-91.875,0,1,0.022099447513812154,0.023898089053367433,0.8807940616297588,0.025711760306259046,0.022646765791800718
active_20240526,30,38.125,-91.625,0,1,0.022099447513812154,0.024785475118707875,0.9183335506737395,0.031629468388087646,0.029046402010755326
active_20240526,30,38.125,-91.375,0,1,0.022099447513812154,0.02096941057092491,0.8811427573302754,0.030902718377586326,0.02722970648022739
active_20240526,30,38.125,-91.125,0,1,0.022099447513812154,0.006455395557434682,0.3646955318070501,0.008573528990987723,0.0031267277148314294
active_20240526,30,37.875,-91.875,1,1,0.022099447513812154,0.04747581949560013,0.9619641675031305,0.06973781185433892,0.06708527612394909
active_20240526,30,37.875,-91.625,1,1,0.022099447513812154,0.009342550855959884,0.3651908078290857,0.013037819029067232,0.004761291663554488
active_20240526,30,37.875,-91.375,0,0,0.022099447513812154,0.006818911967387335,0.2962225498218701,0.009197075233171762,0.0027243810764737094
active_20240526,30,37.625,-91.625,0,0,0.022099447513812154,0.01092063021843411,0.2472263332060009,0.015679993122223682,0.0038765072043026746
active_20240526,30,37.625,-91.375,0,1,0.022099447513812154,0.009869168051179869,0.201140877059048,0.01395216785143371,0.00280635127851243
expand_active_20240210_07,30,38.375,-88.625,0,1,0.034782608695652174,0.0037157717714902936,0.7298232891100891,0.0037341683842966994,0.0027252830523183244
expand_active_20240210_07,30,38.125,-88.625,0,1,0.034782608695652174,0.009098629247332514,0.7948522473166636,0.010047950648643472,0.007986636154001192
expand_active_20240502_21,30,40.375,-91.875,0,0,0.0392156862745098,0.01076386685575127,0.7438156147961541,0.009902816699071946,0.007365869691233821
expand_active_20240502_21,30,40.375,-91.625,0,1,0.0392156862745098,0.0111827133834435,0.7615182610377524,0.010272203747799807,0.007822470735049993
expand_active_20240502_21,30,40.375,-91.375,0,1,0.0392156862745098,0.009513736453704858,0.7275439937455032,0.008598891123709382,0.006256071589926282
expand_active_20240502_21,30,40.375,-91.125,0,1,0.0392156862745098,0.03515045159554962,0.6284620448972715,0.046346444662971206,0.02912698138660912
expand_active_20240502_21,30,40.125,-91.875,0,0,0.0392156862745098,0.013127072659220015,0.7054558678975785,0.012721698948211303,0.008974597172642117
expand_active_20240502_21,30,40.125,-91.625,0,1,0.0392156862745098,0.01298218666668489,0.7941338685405994,0.011657817268367983,0.00925786752606847
expand_active_20240502_21,30,40.125,-91.375,0,1,0.0392156862745098,0.02585629188061344,0.9285515354345921,0.021605872782129526,0.020062166346250833
expand_active_20240502_21,30,40.125,-91.125,0,1,0.0392156862745098,0.05714307889142618,0.9565369810877553,0.050391633393775774,0.048201460878563196
expand_active_20240502_21,30,39.875,-91.875,0,1,0.0392156862745098,0.02278757438278277,0.7331907954800667,0.023434594643564153,0.01718202908846771
expand_active_20240502_21,30,39.875,-91.625,0,1,0.0392156862745098,0.0126447275748835,0.8012231330263497,0.010820089238020214,0.008669305798911245
expand_active_20240502_21,30,39.875,-91.375,0,1,0.0392156862745098,0.030174257248525488,0.9540302315520535,0.0231513165221006,0.022087055862314516
expand_active_20240502_21,30,39.875,-91.125,0,1,0.0392156862745098,0.028407360217497353,0.9655245943668911,0.020758900267769158,0.020043228760540564
expand_active_20240502_21,30,39.625,-91.875,0,1,0.0392156862745098,0.015998124416896606,0.8292057439327422,0.013490464699778573,0.011186370817378288
expand_active_20240502_21,30,39.625,-91.625,0,1,0.0392156862745098,0.03685102478351515,0.9239795894235909,0.030153967206510708,0.02786165023896419
expand_active_20240502_21,30,39.625,-91.375,0,1,0.0392156862745098,0.07569318998457762,0.9679568333383288,0.06440711573234863,0.062343307788739435
expand_active_20240502_21,30,39.375,-91.875,0,1,0.0392156862745098,0.03157201421876073,0.9219781503952839,0.02536384303958597,0.02338490909255377
expand_active_20240502_21,30,39.375,-91.625,0,1,0.0392156862745098,0.03757251233934255,0.9540045782051427,0.027909305273628806,0.026625605005566814
expand_active_20240502_21,30,39.375,-91.375,0,1,0.0392156862745098,0.03709577267617586,0.9712369908676247,0.026207045236372597,0.02545325175490624
expand_active_20240502_21,30,39.125,-91.875,0,1,0.0392156862745098,0.051891166804537654,0.9519396070663753,0.04168412811880351,0.039680772542318256
expand_active_20240502_21,30,39.125,-91.625,0,1,0.0392156862745098,0.03390643227681008,0.9402568655437489,0.025962215992811313,0.024411151831970554
expand_active_20240502_21,30,38.875,-91.875,0,1,0.0392156862745098,0.05537563705662557,0.9514228568859999,0.044058147337352575,0.0419179284088083
expand_active_20240502_21,30,38.625,-91.875,0,1,0.0392156862745098,0.04706989313833454,0.955250396876024,0.03579139860226925,0.03418974771956567
expand_active_20240502_21,30,38.625,-90.125,0,0,0.0392156862745098,0.0017397503274692785,0.12947569881632437,0.0021188016085181465,0.00027433331891603917
expand_active_20240502_21,30,38.375,-91.875,0,1,0.0392156862745098,0.04856804363312096,0.9568732906581658,0.037676622112082676,0.03605175338127276
expand_active_20240502_21,30,38.375,-90.875,0,0,0.0392156862745098,0.005622434045804475,0.2869626654997995,0.006605649015702538,0.0018955746489021273
expand_active_20240502_21,30,38.375,-90.625,0,0,0.0392156862745098,0.0033898455011231476,0.21989887652598877,0.003970979998393216,0.0008732140403538408
expand_active_20240502_21,30,38.375,-90.375,0,0,0.0392156862745098,0.0025759830063797,0.18447520566249434,0.003062741774348297,0.000564999918714015
expand_active_20240502_21,30,38.125,-90.875,0,0,0.0392156862745098,0.006105049048868023,0.2699915813406039,0.007494768060090855,0.0020235242803249803
expand_active_20240520_01,30,39.875,-88.625,0,1,0.03463203463203463,0.0342227810160286,0.928501566153909,0.029811093748503673,0.027679647234246665
expand_active_20240523_10,30,38.875,-88.625,0,1,0.037037037037037035,0.05026700589460431,0.8504384502503605,0.08566423443574375,0.07285215877541748
expand_active_20240523_10,30,38.625,-88.875,0,1,0.037037037037037035,0.047121855471621794,0.9062360221221343,0.07509897006934352,0.0680573919011111
expand_active_20240523_10,30,38.625,-88.625,0,1,0.037037037037037035,0.07051255761793566,0.7867527420849457,0.1398661964149623,0.1100401135544632
expand_active_20240523_10,30,38.375,-89.375,0,1,0.037037037037037035,0.03706838524641862,0.6288955523437217,0.06858254126384979,0.0431312551692649
expand_active_20240523_10,30,38.375,-89.125,0,0,0.037037037037037035,0.02687871876497616,0.7729896036778208,0.04482175801166485,0.03464675296158
expand_active_20240523_10,30,38.375,-88.875,0,0,0.037037037037037035,0.013244388954174676,0.8179956937933162,0.01753860361616264,0.014346502233168924
expand_active_20240523_10,30,38.375,-88.625,0,1,0.037037037037037035,0.045650259823456385,0.8935079295775664,0.07231659179056875,0.06461544820489712
expand_active_20240523_10,30,38.125,-90.875,0,1,0.037037037037037035,0.11833100481127996,0.8413863708020968,0.21617360615949724,0.18188552594974117
expand_active_20240523_10,30,38.125,-90.625,0,1,0.037037037037037035,0.029988127903676588,0.8162760028775887,0.040528810346168176,0.03308269531075402
expand_active_20240523_10,30,38.125,-90.375,0,1,0.037037037037037035,0.046600055326495526,0.798952003167516,0.07842287897054617,0.06265611624768153
expand_active_20240523_10,30,38.125,-90.125,0,1,0.037037037037037035,0.022018331849117306,0.23919317269910517,0.04553849251877238,0.01089249650549963
expand_active_20240523_10,30,38.125,-89.125,0,1,0.037037037037037035,0.02109659513677093,0.7829800644974778,0.030196439555982973,0.02364321019113774
expand_active_20240523_10,30,38.125,-88.875,0,0,0.037037037037037035,0.01411933498563005,0.9233196718339102,0.016405680651459593,0.015147687675317602
expand_active_20240523_10,30,38.125,-88.625,0,1,0.037037037037037035,0.07241837502635622,0.9209809125817222,0.1037126844858641,0.09551740280409134
expand_active_20240523_10,30,37.875,-88.875,0,1,0.037037037037037035,0.017589881665936436,0.9444228482791776,0.018812344111931386,0.017766807608998254
expand_active_20240523_10,30,37.875,-88.625,0,1,0.037037037037037035,0.09696359773737333,0.9303550876623686,0.14372907270146934,0.13371907403280647
expand_active_20240609_07,30,37.875,-91.875,1,1,0.03111111111111111,0.07342068782131811,0.8237039370377306,0.13276171993710437,0.10935635140009344
expand_active_20240609_07,30,37.875,-91.625,0,1,0.03111111111111111,0.025497958321272163,0.09180567447576762,0.06484859527457425,0.005953469027988366
expand_active_20240609_07,30,37.875,-91.375,0,0,0.03111111111111111,0.017435770569365357,0.0504696081217235,0.045474946830720696,0.0022951027459026854
expand_active_20240609_07,30,37.875,-91.125,0,0,0.03111111111111111,0.01672569175250124,0.06606847967332945,0.04222813286089175,0.002789948537562482
expand_active_20240609_07,30,37.625,-91.875,0,1,0.03111111111111111,0.029643669404883905,0.6388071161473938,0.046846578027906434,0.029925927411380775
expand_active_20240609_07,30,37.625,-91.625,0,0,0.03111111111111111,0.05772371007503366,0.609524645923127,0.10333821788325141,0.06298719066561577
expand_active_20240609_07,30,37.625,-91.375,0,0,0.03111111111111111,0.03579722567892937,0.225774412961352,0.07992000959956055,0.0180438932512064
expand_active_20240613_23,30,40.375,-91.875,0,1,0.035,0.36723562073750543,0.6190285011281833,0.4181327707822562,0.2588361023699143
expand_active_20240613_23,30,40.375,-91.625,0,1,0.035,0.29309927374331407,0.6458644255973531,0.3383169912439055,0.21850690921956978
expand_active_20240613_23,30,40.375,-91.375,0,1,0.035,0.22087802683077282,0.6108064052519941,0.25802081791384734,0.15760076827013644
expand_active_20240613_23,30,40.375,-91.125,0,1,0.035,0.1356700122129104,0.5514979821357372,0.15204912134606796,0.08385478360786833
expand_active_20240613_23,30,40.375,-90.875,0,1,0.035,0.09148724995585673,0.4447310324799869,0.10068705816259177,0.044778659334021934
expand_active_20240613_23,30,40.375,-90.625,0,0,0.035,0.10258220699039551,0.3594082401369346,0.11796595134137625,0.0423979349676833
expand_active_20240613_23,30,40.375,-90.375,0,0,0.035,0.09312489612657891,0.468287568551207,0.09863383263537098,0.04618899766170457
expand_active_20240613_23,30,40.375,-90.125,0,1,0.035,0.12213942937313238,0.5203953452150643,0.13563497675015349,0.07058381054913333
expand_active_20240613_23,30,40.375,-89.875,0,0,0.035,0.0431554034497074,0.09947799748980986,0.04566472120394892,0.004542635021299297
expand_active_20240613_23,30,40.125,-91.875,0,1,0.035,0.5317443391536062,0.665020805125928,0.6005990361338955,0.39941085456761954
expand_active_20240613_23,30,40.125,-91.625,0,1,0.035,0.4646547214781187,0.5695027491479224,0.5556246514502954,0.3164297664952994
expand_active_20240613_23,30,40.125,-91.375,0,1,0.035,0.21933322360808633,0.4850590602328896,0.254409430261112,0.12340359915683985
expand_active_20240613_23,30,40.125,-91.125,0,1,0.035,0.1566235511832832,0.5088799647762066,0.1728781196918954,0.08797421145938855
expand_active_20240613_23,30,40.125,-90.875,0,1,0.035,0.09140539176140443,0.4217670374624689,0.09290677910568806,0.03918501698358606
expand_active_20240613_23,30,40.125,-90.625,0,0,0.035,0.11036371677442823,0.3185898766220429,0.11870231880952346,0.037817357104276486
expand_active_20240613_23,30,40.125,-90.375,0,0,0.035,0.04252772680809493,0.0960597216950354,0.041570619993302416,0.003993262187246704
expand_active_20240613_23,30,40.125,-90.125,0,0,0.035,0.04350418482732585,0.08936530497287895,0.04381372314822817,0.003915426731138697
expand_active_20240613_23,30,40.125,-89.875,0,0,0.035,0.0440386447622016,0.06145484503718718,0.04569777804438916,0.0028083498682617103
expand_active_20240613_23,30,39.875,-91.875,0,0,0.035,0.3442869077429916,0.19251968484288753,0.43987946751268703,0.08468545645439969
expand_active_20240613_23,30,39.875,-91.625,0,1,0.035,0.5013807136166626,0.5660984425383079,0.5971669439352725,0.3380552768971188
expand_active_20240613_23,30,39.875,-91.375,0,0,0.035,0.21367339267834637,0.411119234458914,0.2412895485526788,0.09919877448391427
expand_active_20240613_23,30,39.875,-91.125,0,1,0.035,0.16211215738005924,0.42808897334655055,0.1718552940034317,0.07356935637409867
expand_active_20240613_23,30,39.875,-90.875,0,1,0.035,0.15602702341704364,0.4126029769379014,0.1683091589719855,0.06944486003775571
expand_active_20240613_23,30,39.875,-90.625,1,1,0.035,0.13897891802043594,0.2224440574193167,0.15403689666115425,0.03426459228558715
expand_active_20240613_23,30,39.875,-90.375,0,0,0.035,0.05293012521131275,0.0732621189469477,0.0525676444392503,0.0038512170196692095
expand_active_20240613_23,30,39.875,-90.125,0,0,0.035,0.036968210642625454,0.04400664663802727,0.035745517142183804,0.0015730403417696292
expand_active_20240613_23,30,39.875,-89.875,0,0,0.035,0.040734134634279114,0.04630182938157388,0.04011198173852214,0.0018572581346138592
expand_active_20240613_23,30,39.625,-91.625,0,0,0.035,0.035724907702458286,0.02828541074772167,0.03745956209402231,0.001059559100259206
expand_active_20240613_23,30,39.625,-91.375,0,0,0.035,0.0469961048509134,0.025064495018209454,0.05215988437337512,0.0013073611620268418
expand_active_20240613_23,30,39.625,-91.125,0,0,0.035,0.19445464814995186,0.12067164188467333,0.2423276413562346,0.029242074356497096
expand_active_20240613_23,30,39.625,-90.875,0,0,0.035,0.12483840746712045,0.06444745397355782,0.152496568191102,0.009828015559621567
expand_active_20240613_23,30,39.375,-91.125,0,0,0.035,0.024707448268084867,0.028448452162058626,0.02425185771931987,0.0006899278141691235
active_20240418,45,40.375,-90.875,0,0,0.03398058252427184,0.15414687892450946,0.937921789012531,0.14874932581311057,0.13951523378104053
active_20240418,45,40.375,-90.625,0,1,0.03398058252427184,0.10815809315515078,0.9192386493974996,0.10074428716172344,0.09260804246505651
active_20240418,45,40.375,-90.375,0,1,0.03398058252427184,0.06752031896890273,0.8792596450331905,0.05892046469031866,0.05180638686880022
active_20240418,45,40.375,-89.125,0,1,0.03398058252427184,0.013151056672965818,0.4593552354600858,0.013196797369375258,0.006062017962928412
active_20240418,45,40.375,-88.875,0,1,0.03398058252427184,0.007790640403195935,0.20819207234665282,0.00703856122002974,0.0014653726467367765
active_20240418,45,40.375,-88.625,0,0,0.03398058252427184,0.005286470073285276,0.10874401027395618,0.00431850825185958,0.0004696119057083827
active_20240418,45,40.125,-91.625,0,0,0.03398058252427184,0.11868267481314271,0.7021994456153718,0.15373703822065973,0.10795406300909649
active_20240418,45,40.125,-91.375,0,0,0.03398058252427184,0.14549137265542522,0.8802623096032617,0.16545173448416128,0.14564092592489342
active_20240418,45,40.125,-91.125,0,0,0.03398058252427184,0.12371492390623214,0.9092600071434788,0.12385608495650127,0.11261738469231165
active_20240418,45,40.125,-90.875,0,1,0.03398058252427184,0.08523780844082013,0.8719259301608779,0.08580229842176555,0.07481324886133915
active_20240418,45,40.125,-89.125,0,1,0.03398058252427184,0.015118888596097666,0.6711502515869106,0.014052929452452236,0.009431627137546424
active_20240418,45,40.125,-88.875,0,1,0.03398058252427184,0.008808268766322956,0.29496599440148374,0.008070684777775504,0.0023805775609774694
active_20240418,45,40.125,-88.625,0,0,0.03398058252427184,0.006488817955324058,0.19424582230061732,0.005442867078341387,0.0010572541913053811
active_20240418,45,39.875,-91.375,0,0,0.03398058252427184,0.15395910253374814,0.9436874832738898,0.15162900474847335,0.14309039388241152
active_20240418,45,39.875,-91.125,0,1,0.03398058252427184,0.08499443006591959,0.8494533668863444,0.0956979742596338,0.08129096643904866
active_20240418,45,39.875,-89.125,0,1,0.03398058252427184,0.010986934800966809,0.5303108224517227,0.00995096638133462,0.005277105165875005
active_20240418,45,39.875,-88.875,0,0,0.03398058252427184,0.007024702560775117,0.2122858683115916,0.006137256241000746,0.0013028527701715782
active_20240418,45,39.875,-88.625,0,0,0.03398058252427184,0.006668022474735275,0.2094640451768324,0.005582226387170625,0.0011692757201496136
active_20240418,45,39.625,-89.875,0,1,0.03398058252427184,0.01550816338098473,0.7968641037529662,0.01221467025063122,0.009733432261907265
active_20240418,45,39.625,-89.625,0,1,0.03398058252427184,0.011941529703431389,0.6190990864487989,0.010621987038985415,0.0065760624721068524
active_20240418,45,39.625,-89.375,0,0,0.03398058252427184,0.008851259718060793,0.37299602119685726,0.008164273278400505,0.0030452414488072103
active_20240418,45,39.625,-89.125,0,0,0.03398058252427184,0.008048644509820242,0.2678614759521102,0.00739119186650957,0.0019798155624084855
active_20240418,45,39.625,-88.875,0,0,0.03398058252427184,0.006859791390661161,0.19403945312703325,0.006014550700612921,0.001167060128751746
active_20240418,45,39.625,-88.625,0,0,0.03398058252427184,0.006226341159148032,0.1638646736777405,0.00523428979682949,0.0008577151894921909
active_20240418,45,39.375,-90.125,0,1,0.03398058252427184,0.019412928097056567,0.8404345084708496,0.015175355821762623,0.012753892710933315
active_20240418,45,39.375,-89.875,0,1,0.03398058252427184,0.017795216468477922,0.8389383245780574,0.013011490394058514,0.010915837951454937
active_20240418,45,39.375,-89.625,0,1,0.03398058252427184,0.01604416403848459,0.7304079856148019,0.013600165835323905,0.009933669731806182
active_20240418,45,39.375,-89.375,0,1,0.03398058252427184,0.007895934824470239,0.1901912626959377,0.0072555809460431294,0.001379948101720529
active_20240418,45,39.375,-89.125,0,0,0.03398058252427184,0.007377413155351582,0.18409596811492263,0.006587648141400891,0.0012127594621916676
active_20240418,45,39.125,-90.375,0,0,0.03398058252427184,0.0222161188138695,0.8259697676822004,0.016788935303641984,0.013867152992380663
active_20240418,45,39.125,-90.125,0,1,0.03398058252427184,0.021395397187239998,0.7782341395174414,0.017457996533096494,0.013586408909632825
active_20240418,45,39.125,-89.875,1,1,0.03398058252427184,0.01639692983278683,0.6055621307652826,0.014627892481729823,0.00885809773984177
active_20240418,45,38.875,-90.625,0,0,0.03398058252427184,0.02797402482870367,0.8419137218525956,0.021332782112639233,0.017960361985922574
active_20240418,45,38.875,-90.375,0,1,0.03398058252427184,0.031137016292242126,0.8857838953123063,0.022740512977790367,0.020143180166867204
active_20240418,45,38.875,-90.125,0,1,0.03398058252427184,0.026853998899390708,0.8074124847379385,0.021626877873811838,0.01746181120121836
active_20240418,45,38.625,-90.875,0,0,0.03398058252427184,0.04437068019229196,0.8862064499154194,0.034391189311077146,0.030477693787738794
active_20240418,45,38.625,-90.625,0,1,0.03398058252427184,0.0434388200682336,0.9137624806667088,0.0328654530696561,0.03003121792516426
active_20240418,45,38.625,-90.375,0,1,0.03398058252427184,0.0414736400491881,0.9093032999272405,0.03082324691312602,0.02802768013257762
active_20240418,45,38.625,-90.125,0,1,0.03398058252427184,0.031183640677656763,0.7935644320419333,0.02614684629892329,0.020749207232892787
active_20240418,45,38.375,-91.125,0,0,0.03398058252427184,0.06352339380999351,0.8808054831985658,0.060105627937818054,0.052941366658723045
active_20240418,45,38.375,-90.875,0,0,0.03398058252427184,0.06170405771352779,0.9018234694373612,0.052954936307795665,0.04775600438493077
active_20240418,45,38.375,-90.625,0,1,0.03398058252427184,0.0552188587087603,0.9052213807659433,0.045674987021591056,0.04134597481815119
active_20240418,45,38.375,-90.375,0,1,0.03398058252427184,0.041854659353895395,0.852299874673888,0.03749636313775021,0.0319581456030311
active_20240418,45,38.125,-91.375,0,0,0.03398058252427184,0.0516220231866241,0.891541799385618,0.04003600491212648,0.03569377185956868
active_20240418,45,38.125,-91.125,0,1,0.03398058252427184,0.06304774449975137,0.9006143467804042,0.05399512770453826,0.04862878666694723
active_20240418,45,38.125,-90.875,0,1,0.03398058252427184,0.06374199242941889,0.8520353753823611,0.06532953580404514,0.055663075562355
active_20240418,45,38.125,-90.625,0,1,0.03398058252427184,0.057399312544154875,0.7536050993867685,0.06838949736447666,0.05153867395836757
active_20240418,45,37.875,-91.375,1,1,0.03398058252427184,0.0486676794312654,0.8828185857537932,0.040310425782613235,0.03558679308053986
active_20240508,45,39.875,-89.625,0,1,0.04285714285714286,0.004621060684232572,0.15474549985754357,0.008478168329486994,0.0013119583960228601
active_20240508,45,39.875,-89.375,0,1,0.04285714285714286,0.003920115198996869,0.12537647480227032,0.006833017118923014,0.000856699598634133
active_20240508,45,39.875,-89.125,0,0,0.04285714285714286,0.004627640786963205,0.1391606710810442,0.008480438527307661,0.0011801435165216764
active_20240508,45,39.875,-88.875,0,0,0.04285714285714286,0.004691892142075695,0.12908102337732094,0.008603538179248391,0.001110553512843235
active_20240508,45,39.875,-88.625,0,0,0.04285714285714286,0.003142316629419218,0.05688353284619294,0.005735572193377684,0.0003262596092537104
active_20240508,45,39.625,-91.375,0,1,0.04285714285714286,0.013092003946954938,0.5440011039458644,0.01936430609405652,0.010534203892312377
active_20240508,45,39.125,-91.375,0,1,0.04285714285714286,0.016136633697437192,0.3092854794498521,0.03433537026803487,0.01061943145543736
active_20240508,45,38.875,-91.625,0,0,0.04285714285714286,0.024206198555730786,0.6411960005258706,0.040125802815364264,0.025728504283101285
active_20240508,45,38.875,-91.375,0,1,0.04285714285714286,0.024655881131802535,0.6255133704834878,0.04406858773788785,0.027565490848373526
active_20240508,45,38.875,-91.125,0,1,0.04285714285714286,0.01565322863394853,0.36448425580972843,0.029066917259870775,0.01059443370614695
active_20240508,45,38.875,-90.375,0,1,0.04285714285714286,0.022071218595887926,0.7285261199426116,0.025859902183726042,0.018839614200005402
active_20240508,45,38.875,-90.125,0,1,0.04285714285714286,0.02162984028679812,0.690690333752465,0.027005135292102835,0.01865218590793298
active_20240508,45,38.625,-91.875,0,1,0.04285714285714286,0.01816289561851933,0.5070576963127338,0.029021690026656024,0.014715671288018446
active_20240508,45,38.625,-91.625,0,0,0.04285714285714286,0.02020867907473107,0.6266932998864774,0.029688365888795053,0.018605499987086105
active_20240508,45,38.625,-91.375,0,0,0.04285714285714286,0.025075695033187535,0.5898079592786114,0.04834569667857166,0.02851467669789109
active_20240508,45,38.625,-91.125,0,1,0.04285714285714286,0.01983581432164145,0.6910143094226696,0.02569684940972716,0.017756890649200947
active_20240508,45,38.625,-90.875,0,1,0.04285714285714286,0.029318526767465023,0.8061836814383374,0.037037442404544846,0.029858981668756352
active_20240508,45,38.625,-90.625,0,1,0.04285714285714286,0.02683854041570756,0.6989234160121285,0.03409542803635557,0.02383009303356533
active_20240508,45,38.625,-90.375,0,1,0.04285714285714286,0.024961544012914217,0.51523586846919,0.039022988424443565,0.020106043331131328
active_20240508,45,38.625,-88.625,0,0,0.04285714285714286,0.008477787518701617,0.205502579633054,0.014293517386079887,0.0029373546948693236
active_20240508,45,38.375,-91.875,0,0,0.04285714285714286,0.01985839887425779,0.5917085718538738,0.03034015273701832,0.017952528445849512
active_20240508,45,38.375,-91.625,0,1,0.04285714285714286,0.014547723389501211,0.3330030712572938,0.026495288302938177,0.008823012378725865
active_20240508,45,38.375,-91.375,0,0,0.04285714285714286,0.01879703050260207,0.42409564185190984,0.03416453881791408,0.01448903201855776
active_20240508,45,38.375,-91.125,0,1,0.04285714285714286,0.024717604679376455,0.5330847228904909,0.0423062332183982,0.022552806611770285
active_20240508,45,38.375,-90.875,0,1,0.04285714285714286,0.028869378939915886,0.6776052002118786,0.04115338847865606,0.027885750039476957
active_20240508,45,38.375,-88.875,0,0,0.04285714285714286,0.01019924180056473,0.20140263582405316,0.018273913994508353,0.0036804144453160344
active_20240508,45,38.375,-88.625,0,0,0.04285714285714286,0.010711084777400605,0.21253887757337808,0.01926645257664959,0.004094870205461822
active_20240508,45,38.125,-91.875,0,0,0.04285714285714286,0.03219369163074955,0.7912132131611316,0.041649734540360334,0.032953820292986664
active_20240508,45,38.125,-91.625,0,1,0.04285714285714286,0.03426503893651821,0.7750501978764129,0.045893298823886326,0.035569610334654445
active_20240508,45,38.125,-91.375,0,1,0.04285714285714286,0.04451002961148341,0.8295030875006254,0.059980032115284986,0.049753621828015564
active_20240508,45,38.125,-91.125,0,1,0.04285714285714286,0.04320467452221016,0.7410680540869046,0.06554775166652786,0.04857534477728546
active_20240508,45,38.125,-90.875,0,1,0.04285714285714286,0.02991754513979615,0.44303965873098333,0.05476627365529044,0.024263631190207517
active_20240508,45,38.125,-88.875,0,0,0.04285714285714286,0.0158098495067775,0.41498911816458484,0.023060155524782855,0.009569713605967816
active_20240508,45,38.125,-88.625,0,0,0.04285714285714286,0.01716405236407525,0.42007183948867965,0.026246554331133154,0.011025438358118676
active_20240508,45,37.875,-91.875,0,0,0.04285714285714286,0.05624457292236312,0.836115281895306,0.08040704694002686,0.06722956071862966
active_20240508,45,37.875,-91.625,0,1,0.04285714285714286,0.07504994685809672,0.8822599710068201,0.10948852072850766,0.09659733912351279
active_20240508,45,37.875,-91.375,0,1,0.04285714285714286,0.06578147197784458,0.7986278163556453,0.10593162322453975,0.08459994093882314
active_20240508,45,37.875,-91.125,0,1,0.04285714285714286,0.05843136363115956,0.7039799949356078,0.10529017229702482,0.0741221749604288
active_20240508,45,37.875,-88.625,0,1,0.04285714285714286,0.03380071023144395,0.7757331475663591,0.04414167201810914,0.03424215817344968
active_20240508,45,37.625,-91.875,0,1,0.04285714285714286,0.061224832378820385,0.7852363601113919,0.0971824501314168,0.07631119340790059
active_20240508,45,37.625,-91.625,0,1,0.04285714285714286,0.061538279164859884,0.7310792529051521,0.10191528813695949,0.07450815271078165
active_20240508,45,37.625,-91.375,0,1,0.04285714285714286,0.07453173312118111,0.7188465855941044,0.14201420919509478,0.10208642938574075
active_20240508,45,37.625,-88.875,0,1,0.04285714285714286,0.03597112007434721,0.739040667556411,0.04711086590464299,0.03481684578732792
active_20240508,45,37.625,-88.625,0,1,0.04285714285714286,0.0474685609379528,0.8390866711440566,0.061448601862785446,0.05156070278350111
active_20240526,45,39.625,-90.125,0,0,0.021052631578947368,0.01579998140855611,0.4488833451043309,0.01865025949308737,0.008371790868320862
active_20240526,45,39.625,-89.875,0,0,0.021052631578947368,0.012195670700284189,0.24119232331974674,0.012899660048234219,0.0031112989770685274
active_20240526,45,39.625,-89.625,0,1,0.021052631578947368,0.011927568007252741,0.22238532031611163,0.012759185664396301,0.002837455590949511
active_20240526,45,39.625,-89.375,0,0,0.021052631578947368,0.011780260482221819,0.20427464087784966,0.012670539973016266,0.002588270002716337
active_20240526,45,39.375,-90.625,0,0,0.021052631578947368,0.015049860679674695,0.4628789887033478,0.01671358286107161,0.007736366332342434
active_20240526,45,39.375,-90.375,0,0,0.021052631578947368,0.02524445508895519,0.667282478969796,0.03199139144052386,0.021347294986125875
active_20240526,45,39.375,-90.125,0,0,0.021052631578947368,0.02323038363049145,0.6136986311831983,0.030586571295514307,0.018770936936644438
active_20240526,45,39.375,-89.875,0,1,0.021052631578947368,0.05005656415606688,0.8376906524116956,0.07653079373277984,0.06410913053159725
active_20240526,45,39.375,-89.625,0,0,0.021052631578947368,0.051374601539949064,0.8473541646614127,0.06636221962816764,0.056232303178103196
active_20240526,45,39.375,-89.375,0,1,0.021052631578947368,0.03459422779208572,0.6841941078687758,0.05398170761112451,0.03693396628022644
active_20240526,45,39.375,-89.125,0,0,0.021052631578947368,0.05018198198247393,0.8274852061548708,0.07151300980203963,0.05917595765879606
active_20240526,45,39.375,-88.875,0,1,0.021052631578947368,0.04889739594981249,0.8392856791424621,0.05909941491265295,0.049601292581888085
active_20240526,45,39.125,-91.375,0,0,0.021052631578947368,0.017025839177665394,0.3124422176529038,0.01863099962571008,0.005821110840147278
active_20240526,45,39.125,-91.125,0,0,0.021052631578947368,0.041530302121481295,0.850838116174038,0.06070814291837578,0.05165280195709512
active_20240526,45,39.125,-90.875,0,0,0.021052631578947368,0.06142526425126377,0.9488909422025289,0.08155916203680197,0.07739075011034975
active_20240526,45,39.125,-90.625,0,1,0.021052631578947368,0.06457001998289492,0.9417695561061954,0.07347042805962954,0.06919221242064948
active_20240526,45,39.125,-90.375,0,1,0.021052631578947368,0.0664545189970753,0.9276268203949085,0.0778625512687131,0.07222739086123188
active_20240526,45,39.125,-90.125,0,1,0.021052631578947368,0.05718687910490952,0.8688094204343112,0.07042889501547482,0.061189287460223625
active_20240526,45,39.125,-89.875,0,1,0.021052631578947368,0.06794074734856922,0.9029236765109551,0.10783420588722888,0.09736605763333597
active_20240526,45,39.125,-89.625,0,1,0.021052631578947368,0.05761053821307726,0.8394122903620225,0.08151113628272655,0.06842144959709444
active_20240526,45,39.125,-89.375,0,0,0.021052631578947368,0.027754287426042582,0.5284428679282671,0.04451877244255668,0.023525627786190554
active_20240526,45,38.875,-91.625,0,0,0.021052631578947368,0.01967440080719517,0.402715948901882,0.022873082507243216,0.00921135512621549
active_20240526,45,38.875,-91.375,0,0,0.021052631578947368,0.030645595871226547,0.6701784165375368,0.04028150963744078,0.026995798344561592
active_20240526,45,38.875,-91.125,0,1,0.021052631578947368,0.08869056351240522,0.9516340914095093,0.11515090950593555,0.1095815311426596
active_20240526,45,38.875,-90.875,0,1,0.021052631578947368,0.09688534618560395,0.9736433890657998,0.12683860861161117,0.12349557275299965
active_20240526,45,38.875,-90.625,0,1,0.021052631578947368,0.07266521756423179,0.9437618405564634,0.08579505840680493,0.0809701022326555
active_20240526,45,38.875,-90.375,0,1,0.021052631578947368,0.10292393330274864,0.9718701970566299,0.13640631544164597,0.1325692326680413
active_20240526,45,38.875,-90.125,0,1,0.021052631578947368,0.09539353461360654,0.9499631606157669,0.12730953664417854,0.12093936980703264
active_20240526,45,38.875,-89.875,0,1,0.021052631578947368,0.07416388673973642,0.8990530563962533,0.13066217955888218,0.11747223188780907
active_20240526,45,38.875,-89.625,0,1,0.021052631578947368,0.019210149843277048,0.274424785720329,0.027768648148925202,0.007620405318012009
active_20240526,45,38.875,-89.375,0,0,0.021052631578947368,0.010473973368800345,0.09047483047408451,0.012881544114702539,0.0011654555200221533
active_20240526,45,38.625,-91.875,0,0,0.021052631578947368,0.012466199476391679,0.3762212656738543,0.01464232389254278,0.005508753627258961
active_20240526,45,38.625,-91.625,0,0,0.021052631578947368,0.036278201244565475,0.7811206903671207,0.05130869704546376,0.0400782848579901
active_20240526,45,38.625,-91.375,0,0,0.021052631578947368,0.061679098305385614,0.9009400559622662,0.06767553053837529,0.06097159627051989
active_20240526,45,38.625,-91.125,0,1,0.021052631578947368,0.0948927480689641,0.9692289722049644,0.11796040420126666,0.11433064132487585
active_20240526,45,38.625,-90.875,0,1,0.021052631578947368,0.1076195846249188,0.9835634981765363,0.1403694633712786,0.13806228043061794
active_20240526,45,38.625,-90.625,0,1,0.021052631578947368,0.10844387218702145,0.9869816362686855,0.1471349530586901,0.14521949672218218
active_20240526,45,38.625,-90.375,1,1,0.021052631578947368,0.10746810493929587,0.9822176104111447,0.14929391074217382,0.14663910825811272
active_20240526,45,38.625,-90.125,1,1,0.021052631578947368,0.08835308730160893,0.953119975877658,0.12253348096164787,0.11678910841837128
active_20240526,45,38.625,-89.875,0,1,0.021052631578947368,0.07077701269332705,0.9080346055383219,0.12824340963239522,0.11644945387844143
active_20240526,45,38.625,-89.625,0,0,0.021052631578947368,0.021366594862695452,0.3737084418463998,0.03409798249260418,0.012742703907416927
active_20240526,45,38.625,-89.375,0,0,0.021052631578947368,0.006341465334023956,0.042554869026578235,0.007360281841697163,0.0003132158297721248
active_20240526,45,38.375,-91.875,0,0,0.021052631578947368,0.04309671053040902,0.8734345562993983,0.057250603388708465,0.05000465536868941
active_20240526,45,38.375,-91.625,0,1,0.021052631578947368,0.061795797187321276,0.9279323667968279,0.07228246472261957,0.0670732385679686
active_20240526,45,38.375,-91.375,0,1,0.021052631578947368,0.07751737225163499,0.9514668034768666,0.09378777648001277,0.0892359558926406
active_20240526,45,38.375,-91.125,0,1,0.021052631578947368,0.07955798519958118,0.9647205119826596,0.09607680678501927,0.09268726623130286
active_20240526,45,38.375,-90.875,0,1,0.021052631578947368,0.08722189348683207,0.977506839808503,0.10756572048803945,0.10514622750598818
active_20240526,45,38.375,-90.625,0,1,0.021052631578947368,0.08271282068280589,0.9746242138269902,0.11329388812951259,0.11041896664962918
active_20240526,45,38.375,-90.375,0,1,0.021052631578947368,0.05497147695856503,0.9326044546526272,0.09336300950967522,0.0870707585684987
active_20240526,45,38.375,-90.125,0,1,0.021052631578947368,0.020448905954339656,0.47787806031295044,0.028091996644449894,0.013424548866767628
active_20240526,45,38.375,-89.875,0,0,0.021052631578947368,0.016374678171129115,0.2878583952894666,0.022672346940687815,0.006526425407792442
active_20240526,45,38.125,-91.875,0,1,0.021052631578947368,0.06128101938665711,0.9202697628254272,0.07101949013204799,0.06535708933980257
active_20240526,45,38.125,-91.625,0,1,0.021052631578947368,0.06691621972219322,0.9342564516664043,0.07907176640941371,0.07387330791265363
active_20240526,45,38.125,-91.375,0,1,0.021052631578947368,0.0714980657273384,0.9539302732970838,0.10042043106255036,0.09579408924810963
active_20240526,45,38.125,-91.125,0,1,0.021052631578947368,0.07556426335517567,0.9703568456691392,0.12783853560721606,0.1240489981667801
active_20240526,45,38.125,-90.875,0,1,0.021052631578947368,0.021287354520620336,0.6153175070624731,0.025700507277727932,0.015813972068372498
active_20240526,45,38.125,-90.625,0,0,0.021052631578947368,0.020772705372631265,0.5807606601473091,0.026736070541595647,0.015527257977482112
active_20240526,45,37.875,-91.875,1,1,0.021052631578947368,0.07856108781560309,0.9616065360772956,0.1095326800334036,0.10532734103418401
active_20240526,45,37.875,-91.625,1,1,0.021052631578947368,0.04735003947637682,0.8840345443690846,0.07228284688740617,0.06390053361380842
active_20240526,45,37.875,-91.375,0,1,0.021052631578947368,0.019679840872783128,0.5017990104519431,0.024111980809504104,0.0120993681102454
active_20240526,45,37.875,-91.125,0,0,0.021052631578947368,0.019683209903587837,0.502951500208503,0.02373115511427077,0.011935620066403172
active_20240526,45,37.625,-91.625,0,0,0.021052631578947368,0.038675308793863335,0.7932149357421978,0.06410615732361823,0.05084996146213305
active_20240526,45,37.625,-91.375,0,1,0.021052631578947368,0.0474403995350512,0.8860929343459,0.08130102533076299,0.07204026410066612
active_20240526,45,37.625,-91.125,1,1,0.021052631578947368,0.024084624579272764,0.6014371828518894,0.03340058109675539,0.02008835140044863
expand_active_20240210_07,45,38.125,-88.625,0,1,0.03557312252964427,0.0017025283143756093,0.7305823553890266,0.0017154900216953613,0.0012533067406965694
expand_active_20240502_21,45,40.375,-91.875,0,0,0.04205607476635514,0.04992856578013211,0.5575366502001441,0.07015684136353911,0.03911501032245051
expand_active_20240502_21,45,40.375,-91.625,0,1,0.04205607476635514,0.0522824483123307,0.616992029925546,0.06965149995490978,0.04297442034453886
expand_active_20240502_21,45,40.375,-91.375,0,1,0.04205607476635514,0.05009442410735,0.5677104817650643,0.06832850071299408,0.03879080605805841
expand_active_20240502_21,45,40.375,-91.125,0,1,0.04205607476635514,0.048999918019181944,0.43739702991009466,0.07881114123190432,0.034471759098659946
expand_active_20240502_21,45,40.375,-90.875,0,1,0.04205607476635514,0.04063599442590705,0.32969455396235386,0.07010415981174077,0.023112959700037447
expand_active_20240502_21,45,40.125,-91.875,0,0,0.04205607476635514,0.04514717314636541,0.5123083010139915,0.06727255570377383,0.034464288717469475
expand_active_20240502_21,45,40.125,-91.625,0,0,0.04205607476635514,0.053764700581352604,0.6345477225073263,0.07004635026859987,0.04444775203289049
expand_active_20240502_21,45,40.125,-91.375,0,1,0.04205607476635514,0.07052646147977365,0.7530630905650105,0.08845649768726227,0.06661332352892643
expand_active_20240502_21,45,40.125,-91.125,0,1,0.04205607476635514,0.08697217379153493,0.8537037952623182,0.1025038217103682,0.08750790162303335
expand_active_20240502_21,45,40.125,-90.875,0,1,0.04205607476635514,0.07984321407001349,0.8355178285323936,0.09504078347633592,0.07940826903216558
expand_active_20240502_21,45,39.875,-91.875,0,1,0.04205607476635514,0.05790325751637991,0.6147996792521874,0.08124814131132552,0.049951331218039324
expand_active_20240502_21,45,39.875,-91.625,0,1,0.04205607476635514,0.06500750824187643,0.7034307705651979,0.08095851103476905,0.056948707800998664
expand_active_20240502_21,45,39.875,-91.375,0,1,0.04205607476635514,0.08095349650942171,0.800328037810702,0.09694747639574099,0.07758978355450273
expand_active_20240502_21,45,39.875,-91.125,0,1,0.04205607476635514,0.09396786287834577,0.8857976712971907,0.10644058795810399,0.0942848249447923
expand_active_20240502_21,45,39.875,-90.875,0,0,0.04205607476635514,0.07694937259824493,0.8793138368958755,0.08670328278714343,0.0762393962590312
expand_active_20240502_21,45,39.625,-91.875,0,1,0.04205607476635514,0.06446076401799501,0.7339618024426586,0.07713900489517672,0.056617083071496974
expand_active_20240502_21,45,39.625,-91.625,0,1,0.04205607476635514,0.10303544966468065,0.8613126963787381,0.11599928874043844,0.09991166016304283
expand_active_20240502_21,45,39.625,-91.375,0,1,0.04205607476635514,0.09586478618468436,0.791243240954476,0.12184005892152856,0.09640512309915457
expand_active_20240502_21,45,39.625,-91.125,0,1,0.04205607476635514,0.07960779769680007,0.7609208396400268,0.103475185594843,0.07873642510473554
expand_active_20240502_21,45,39.375,-91.875,0,1,0.04205607476635514,0.08659213421555097,0.8205108758850108,0.09893265313871867,0.08117531788047802
expand_active_20240502_21,45,39.375,-91.625,0,1,0.04205607476635514,0.1173601458569656,0.8515781100706795,0.13340601969204696,0.11360564612140521
expand_active_20240502_21,45,39.375,-91.375,0,1,0.04205607476635514,0.1182204388359987,0.8682352724290547,0.13514794459051435,0.11734021248977203
expand_active_20240502_21,45,39.375,-91.125,0,1,0.04205607476635514,0.08745317498018385,0.8024478493133873,0.10763067237428918,0.08636800156690216
expand_active_20240502_21,45,39.125,-91.875,0,1,0.04205607476635514,0.10352415306695238,0.8616324848149798,0.1159989748545173,0.09994848493988809
expand_active_20240502_21,45,39.125,-91.625,0,1,0.04205607476635514,0.11370176278498753,0.8358680019732293,0.1316995989047449,0.11008348059718481
expand_active_20240502_21,45,39.125,-90.875,0,0,0.04205607476635514,0.01743170547261777,0.10228902079459953,0.03214986298674254,0.0032885780035944337
expand_active_20240502_21,45,39.125,-90.625,0,0,0.04205607476635514,0.014792416981174984,0.09250543241870855,0.028078809141672132,0.002597442381452767
expand_active_20240502_21,45,38.875,-91.875,0,1,0.04205607476635514,0.1125202618436913,0.8762916096321626,0.12374957434871459,0.10844071369733008
expand_active_20240502_21,45,38.875,-90.125,0,0,0.04205607476635514,0.008732765223698822,0.061639014171133384,0.01731409099965,0.0010672235004877194
expand_active_20240502_21,45,38.625,-91.875,0,1,0.04205607476635514,0.11030260654220993,0.890369693269031,0.118521962998132,0.10552836384029024
expand_active_20240502_21,45,38.625,-90.375,0,0,0.04205607476635514,0.008473699071089585,0.06070909444106228,0.016416949136807787,0.00099665811558058
expand_active_20240502_21,45,38.625,-90.125,0,0,0.04205607476635514,0.007197217201752667,0.046107516439007595,0.014427599089079845,0.00066522076217516
expand_active_20240502_21,45,38.375,-91.875,0,0,0.04205607476635514,0.10939120386200431,0.906141494024907,0.1170546720945234,0.10606809545432702
expand_active_20240502_21,45,38.375,-90.875,0,0,0.04205607476635514,0.015180889791542196,0.11693485860204599,0.02668660981451115,0.003120594945227834
expand_active_20240502_21,45,38.375,-90.625,0,0,0.04205607476635514,0.010923844653609746,0.07872005449396857,0.020273147905312483,0.0015959033078704835
expand_active_20240502_21,45,38.375,-90.375,0,0,0.04205607476635514,0.009306238081323052,0.06532179155210813,0.017914732523015835,0.0011702224235802124
expand_active_20240502_21,45,38.125,-91.875,0,1,0.04205607476635514,0.10355335861817999,0.8643205115515579,0.11858135716021038,0.10249229928119102
expand_active_20240502_21,45,38.125,-90.875,0,0,0.04205607476635514,0.01663482494034579,0.11843725594620454,0.029698751668362312,0.003517438652628596
expand_active_20240502_21,45,38.125,-90.625,0,0,0.04205607476635514,0.014551482340237619,0.10497707359058825,0.026484704110754223,0.002780286732459601
expand_active_20240502_21,45,37.625,-90.375,0,0,0.04205607476635514,0.020138200637877215,0.13974764730385963,0.03664604956509911,0.0051211992097032295
expand_active_20240520_01,45,39.875,-88.625,0,1,0.03557312252964427,0.10342199295910402,0.8486005865929921,0.11342375971464566,0.0962514690274309
expand_active_20240523_10,45,38.875,-88.625,0,1,0.0371900826446281,0.03177662275814702,0.5215957773815186,0.06893802659171086,0.03595778357125123
expand_active_20240523_10,45,38.625,-88.875,0,0,0.0371900826446281,0.026551707159634244,0.8049439014213263,0.03867162133287824,0.031128485749975204
expand_active_20240523_10,45,38.625,-88.625,0,0,0.0371900826446281,0.024779296248327014,0.6802180271080996,0.042636109926446245,0.029001850577731327
expand_active_20240523_10,45,38.375,-89.125,0,0,0.0371900826446281,0.007871001994140566,0.29418415125970715,0.01503384825907971,0.004422719890264591
expand_active_20240523_10,45,38.375,-88.875,0,0,0.0371900826446281,0.016496846862746127,0.6865505499693763,0.027987877426297533,0.019215092639500064
expand_active_20240523_10,45,38.375,-88.625,0,1,0.0371900826446281,0.021645713549166317,0.78957255823986,0.03042880688322432,0.024025750894974086
expand_active_20240523_10,45,38.125,-90.375,0,1,0.0371900826446281,0.022539777307540896,0.8117449500587044,0.03203550237904271,0.02600465727878153
expand_active_20240523_10,45,38.125,-90.125,0,1,0.0371900826446281,0.020714829253790795,0.7583356469176871,0.03562790038856875,0.0270179068894842
expand_active_20240523_10,45,38.125,-88.875,0,0,0.0371900826446281,0.011335915686556071,0.7482337510467095,0.01543151946802428,0.01154638369591013
expand_active_20240523_10,45,38.125,-88.625,0,1,0.0371900826446281,0.029318318855690622,0.7547710520418969,0.04405468223933698,0.033251198861155844
expand_active_20240523_10,45,37.875,-88.875,0,1,0.0371900826446281,0.014747001511942697,0.8890373779690723,0.01771863610531766,0.01575252978425975
expand_active_20240523_10,45,37.875,-88.625,0,1,0.0371900826446281,0.03569684245131831,0.8906184759769269,0.04880943631031258,0.043470585779983466
expand_active_20240609_07,45,37.875,-91.875,1,1,0.032520325203252036,0.03613359134286532,0.8069693534541381,0.06038238916650884,0.04872673754571379
expand_active_20240609_07,45,37.875,-91.625,0,1,0.032520325203252036,0.023950241870616847,0.3062554156771691,0.055621839993059086,0.017034489727803297
expand_active_20240609_07,45,37.875,-91.375,0,0,0.032520325203252036,0.013374678734338872,0.07772866786570476,0.03466058052939769,0.002694120752002066
expand_active_20240609_07,45,37.875,-91.125,0,0,0.032520325203252036,0.013760273977451103,0.09268234435503012,0.035194573873935785,0.0032619156152126627
expand_active_20240609_07,45,37.625,-91.875,0,1,0.032520325203252036,0.03669654729813876,0.5644975932499954,0.06474801020647256,0.036550095929279894
expand_active_20240609_07,45,37.625,-91.625,0,0,0.032520325203252036,0.0339254598470594,0.3216008849724072,0.07468433254283073,0.024018547439347913
expand_active_20240609_07,45,37.625,-91.375,0,0,0.032520325203252036,0.022904564124754164,0.1829246365912571,0.05454421477282587,0.00997748066547465
expand_active_20240609_07,45,37.625,-91.125,0,0,0.032520325203252036,0.016570718183764686,0.10731886987575652,0.04135900189397618,0.004438601342450797
expand_active_20240613_23,45,40.375,-91.875,0,1,0.03669724770642202,0.3294553317780818,0.7055851440165096,0.39089983056264993,0.27581311324357655
expand_active_20240613_23,45,40.375,-91.625,1,1,0.03669724770642202,0.3125564948737956,0.6838480564877087,0.390711071857753,0.2671870071381539
expand_active_20240613_23,45,40.375,-91.375,0,0,0.03669724770642202,0.3217654105124228,0.6067676425118352,0.4309446079341057,0.26148324380936444
expand_active_20240613_23,45,40.375,-91.125,0,1,0.03669724770642202,0.31446445900685654,0.6336488949809369,0.4272138814503618,0.27070360390153875
expand_active_20240613_23,45,40.375,-90.875,0,1,0.03669724770642202,0.19731176765376754,0.3952975607020072,0.30666622308979247,0.12122440993709252
expand_active_20240613_23,45,40.375,-90.625,0,0,0.03669724770642202,0.1472156816013736,0.24868158704557206,0.25978773561382457,0.06460442638742138
expand_active_20240613_23,45,40.375,-90.375,0,0,0.03669724770642202,0.13998665867244398,0.3266797717730806,0.22343990851812293,0.0729932983196984
expand_active_20240613_23,45,40.375,-90.125,0,1,0.03669724770642202,0.1467017126876399,0.5497133036131754,0.2085407653572759,0.11463763306256818
expand_active_20240613_23,45,40.375,-89.875,0,1,0.03669724770642202,0.05888101333268952,0.12810176724752345,0.10607758110048089,0.013588725604314096
expand_active_20240613_23,45,40.375,-89.625,0,1,0.03669724770642202,0.035263328469070473,0.059671258903210025,0.06579030267411105,0.003925790184187432
expand_active_20240613_23,45,40.125,-91.875,0,1,0.03669724770642202,0.3922151873167442,0.6793803675752207,0.462272932662401,0.3140591549122572
expand_active_20240613_23,45,40.125,-91.625,0,1,0.03669724770642202,0.4143711339343918,0.661504120867733,0.5138860393480525,0.3399377326851348
expand_active_20240613_23,45,40.125,-91.375,0,1,0.03669724770642202,0.33367049662034076,0.4190243631097054,0.4584468647120467,0.19210040550560667
expand_active_20240613_23,45,40.125,-91.125,0,1,0.03669724770642202,0.35369362545002775,0.48662624688680417,0.4810274067427412,0.23408056159291235
expand_active_20240613_23,45,40.125,-90.875,0,1,0.03669724770642202,0.2657119638822633,0.38339381582849064,0.38900326861242274,0.14914144752307207
expand_active_20240613_23,45,40.125,-90.625,0,0,0.03669724770642202,0.16844621229580992,0.15657115367673904,0.2896658342443152,0.045353313848367494
expand_active_20240613_23,45,40.125,-90.375,0,0,0.03669724770642202,0.12327311539544945,0.12395033693185598,0.22264695490606493,0.02759716507745849
expand_active_20240613_23,45,40.125,-90.125,0,0,0.03669724770642202,0.0769509172366702,0.07643204739768619,0.1458655288357885,0.011148801013665548
expand_active_20240613_23,45,40.125,-89.875,0,0,0.03669724770642202,0.048209532387805745,0.04983509287055238,0.09220841131058866,0.004595214741109278
expand_active_20240613_23,45,39.875,-91.875,0,0,0.03669724770642202,0.35531459205994514,0.191230773953993,0.5449345227198273,0.10420825053396236
expand_active_20240613_23,45,39.875,-91.625,0,1,0.03669724770642202,0.35330487850610126,0.19654959022390225,0.5333089142279009,0.10482164855424816
expand_active_20240613_23,45,39.875,-91.375,0,0,0.03669724770642202,0.4009035404170915,0.28906696862772097,0.5840031613458173,0.16881602351924124
expand_active_20240613_23,45,39.875,-91.125,0,1,0.03669724770642202,0.38863666300828803,0.3805545712952588,0.5278937084159141,0.20089236389568255
expand_active_20240613_23,45,39.875,-90.875,0,1,0.03669724770642202,0.3581093998263734,0.39806061899235823,0.49626933311339505,0.19754527792604284
expand_active_20240613_23,45,39.875,-90.625,0,1,0.03669724770642202,0.28822201894874905,0.29238210580832125,0.4358582097776617,0.12743714120863778
expand_active_20240613_23,45,39.875,-90.375,0,1,0.03669724770642202,0.09446722050518142,0.03157442267852408,0.19159020300514534,0.006049350050748694
expand_active_20240613_23,45,39.875,-90.125,0,0,0.03669724770642202,0.07030288616668304,0.03421110183315266,0.13908417508268078,0.004758222877133626
expand_active_20240613_23,45,39.875,-89.875,0,0,0.03669724770642202,0.054519552028973364,0.04245857280402619,0.10300512428718848,0.004373450568735359
expand_active_20240613_23,45,39.625,-91.625,0,0,0.03669724770642202,0.14474090724391903,0.020383869220018527,0.31913761986312356,0.006505259506477897
expand_active_20240613_23,45,39.625,-91.375,0,0,0.03669724770642202,0.1427630410897197,0.02050333688047921,0.3113317311118023,0.006383339364568053
expand_active_20240613_23,45,39.625,-91.125,0,0,0.03669724770642202,0.23089993111935375,0.0722093355071027,0.4172940992331609,0.030132529616661526
expand_active_20240613_23,45,39.625,-90.875,0,0,0.03669724770642202,0.2653091823280703,0.14050701820288589,0.4433081887424614,0.0622879117451254
expand_active_20240613_23,45,39.625,-90.625,0,0,0.03669724770642202,0.1500404478032121,0.051547727431955834,0.28979244087597733,0.014938141754116056
expand_active_20240613_23,45,39.625,-90.375,0,0,0.03669724770642202,0.10968868817839221,0.04593700521569471,0.21201647330076673,0.00973940183983052
expand_active_20240613_23,45,39.375,-91.125,0,0,0.03669724770642202,0.11573242053894335,0.024407624387984807,0.25668989134182785,0.006265190452063967
expand_active_20240613_23,45,39.375,-90.875,0,0,0.03669724770642202,0.14269838091294662,0.056323323278577093,0.28350420979892044,0.01596789925934214
